title,author,isbn,goodreads_id,goodreads_shelf,status,owned,rating,page_count,published_year,goodreads_date_read,publisher
FIVE DAYS THAT SHOCKED THE WORLD eyewitness accounts from Europe at the end of World War II (Nicholas Best World War II History),Nicholas Best,,217226525,read,read,true,3,314,2024,2026/06/22,"Lume Books WW2 Non-Fiction History, A Joffe Books Company"
Remarkably Bright Creatures,Shelby Van Pelt,9780063204157,58733693,read,read,true,4,360,2022,2026/06/17,Ecco
The Mad Wife,Meagan Church,9781464236747,223665360,to-read,unread,true,,352,2025,,Sourcebooks Landmark
"The Testaments (The Handmaid's Tale, #2)",Margaret Atwood,,42975172,to-read,unread,true,,422,2019,,Nan A. Talese
Yesteryear,Caro Claire Burke,,238226942,to-buy,wishlist,false,,400,2026,,Knopf
Hiroshima,John Hersey,9780679721031,27323,currently-reading,reading,true,,152,1989,,Vintage
All the Ways to Go,Jessie Janowitz,9781464221088,220481356,to-buy,wishlist,false,,368,2026,,Sourcebooks Young Readers
The Happiest Man on Earth,Eddie Jaku,9781760980085,53239311,read,read,true,5,200,2021,2026/05/24,Macmillan Australia
In Five Years,Rebecca Serle,9781982137465,51865702,currently-reading,reading,true,,266,2020,,Atria Books
Beach Read,Emily Henry,9781984806734,52867387,read,read,true,4,358,2020,2026/05/23,Berkley
"Summer Frost (Forward Collection, #2)",Blake Crouch,9781542043632,49676965,read,read,true,3,85,2019,,Amazon Original Stories
"The Last Conversation (Forward Collection, #5)",Paul Tremblay,9781542005319,49674113,read,read,true,3,56,2019,2026/05/21,Amazon Original Stories
"Randomize (Forward Collection, #6)",Andy Weir,9781542044257,49661162,read,read,true,3,28,2019,2026/05/21,Amazon Original Stories
"Emergency Skin (Forward Collection, #3)",N.K. Jemisin,9781542093576,49669410,read,read,true,3,38,2019,2026/05/21,Amazon Original Stories
"Ark (Forward Collection, #1)",Veronica Roth,9781542092067,49680556,read,read,true,4,45,2019,2026/05/16,Amazon Original Stories
"The Housemaid's Secret (The Housemaid, #2)",Freida McFadden,9781837901319,62848145,read,read,true,4,311,2023,2026/05/18,Bookouture
"The Housemaid is Watching (The Housemaid, #3)",Freida McFadden,9781464223310,199235727,read,read,true,3,400,2024,2026/02/14,Sourcebooks
"College Girl, Missing: The True Story of How a Young Woman Disappeared in Plain Sight",Shawn Cohen,9781728273006,199407784,read,read,true,4,251,2024,2026/05/14,Sourcebooks
"Uncharted (On the Island, #1.5)",Tracey Garvis Graves,9781507808689,25459679,read,read,true,4,125,2015,2026/05/11,CreateSpace Independent Publishing Platform
"On the Island (On the Island, #1)",Tracey Garvis Graves,9781405910217,15505346,read,read,true,5,328,2012,2026/05/10,Penguin
My Dark Vanessa,Kate Elizabeth Russell,9780062941503,44890081,to-buy,wishlist,false,,373,2020,,William Morrow
Woman Down,Colleen Hoover,9781542025621,241458703,read,read,true,4,312,2026,2026/05/05,Montlake
The Color Purple,Alice Walker,9780143135692,52892857,to-buy,wishlist,false,,287,2019,,Penguin Books
Lessons in Chemistry,Bonnie Garmus,,58065033,to-buy,wishlist,false,,390,2022,,Doubleday Books
"Iron Flame (The Empyrean, #2)",Rebecca Yarros,9781649374172,90202302,to-buy,wishlist,false,,623,2023,,Entangled: Red Tower Books
A Story of Yesterday,Sergio Cobo,,58913358,to-buy,wishlist,false,,70,2021,,
Reparenting the Inner Child: The New Science of Our Oldest Wounds and How to Heal Them,Nicole LePera,9781250393135,231127227,to-buy,wishlist,false,,384,2026,,Flatiron Books
Glass Girls,Danie Shokoohi,9781638931904,217078787,to-buy,wishlist,false,,336,2025,,Gillian Flynn Books
"Strange Houses (Strange Houses, #1)",Uketsu,9780063433151,218671839,to-buy,wishlist,false,,203,2025,,HarperVia
When You Wish Upon a Star,Elizabeth Lim,9781368077545,61769942,to-buy,wishlist,false,,480,2023,,Random House/Disney
The Tell: A Memoir,Amy   Griffin,9780593731208,214537759,to-buy,wishlist,false,,288,2025,,The Dial Press
"Careless People: A Cautionary Tale of Power, Greed, and Lost Idealism",Sarah Wynn-Williams,9781250391230,223436601,to-buy,wishlist,false,,382,2025,,Flatiron Books
"The Perfect Divorce (Perfect, #2)",Jeneva Rose,9798874620950,219234429,to-buy,wishlist,false,,335,2025,,Blackstone Publishing
"The Way I Used to Be (The Way I Used to Be, #1)",Amber   Smith,,23546634,to-buy,wishlist,false,,385,2016,,Margaret K. McElderry Books
Sense and Sensibility,Jane Austen,9780141439662,14935,to-buy,wishlist,false,,409,2003,,Penguin Books
Emma,Jane Austen,9780141439587,6969,to-buy,wishlist,false,,474,2003,,Penguin Books
Persuasion,Jane Austen,9780192802637,2156,to-buy,wishlist,false,,249,2004,,Oxford University Press
Mansfield Park,Jane Austen,,45032,to-buy,wishlist,false,,488,2003,,Penguin Books
Oliver Twist,Charles Dickens,,18254,to-buy,wishlist,false,,608,2003,,Penguin Books
Coraline,Neil Gaiman,9780061139376,17061,to-buy,wishlist,false,,208,2006,,William Morrow Paperbacks
"Call Me By Your Name (Call Me By Your Name, #1)",André Aciman,,36336078,to-buy,wishlist,false,,248,2017,,Atlantic Books
"My Friend, Weezer: A Visual Time Capsule of One of Rock's Most Iconic Bands",Sean                Murphy,9781964264288,234383029,to-buy,wishlist,false,,258,2025,,Page & Vine: Voir
"The Everest Mystery: Sandy Irvine, George Mallory, and the Truth Still Buried on Everest",Julie Summers,9781250460820,244947595,to-buy,wishlist,false,,384,2026,,St. Martin's Press
All We Say: The Battle for American Identity: A History in 15 Speeches,Ben  Rhodes,9780593595121,240687833,to-buy,wishlist,false,,432,2026,,Random House
Hard Times,Jeff Boyd,9781250348456,231127170,to-buy,wishlist,false,,352,2026,,Flatiron Books
"Always Have, Always Will: A Big Five Novel (The Big Five)",Katie    West,9798288668128,239717908,to-buy,wishlist,false,,329,2025,,Independently published
Lost in Yellowstone: A National Park Mystery,Nicole Maggi,9781608096619,240852087,to-buy,wishlist,false,,360,2026,,Oceanview Publishing
Seek Immediate Shelter,Vincent  Yu,9781250410122,240019815,to-buy,wishlist,false,,304,2026,,Flatiron Books
The Glassmaker’s Son: Looking for the World My Father Left Behind in Nazi Germany (Holocaust Survivor True Stories),Peter  Kupfer,9789493276642,63317626,to-buy,wishlist,false,,272,2022,,Amsterdam Publishers
Footnote to History: From Hungary to America. The Memoir of a Holocaust Survivor (Holocaust Survivor Memoirs World War II),Andrew Laszlo,9789493322868,221872440,to-buy,wishlist,false,,338,2025,,Amsterdam Publishers
Sabine’s Odyssey: A Hidden Child and Her Dutch Rescuers,Agnes Schipper,9789493231962,61049918,to-buy,wishlist,false,,230,2022,,Amsterdam Publishers
Dear Debbie,Freida McFadden,9781464249624,238365535,to-buy,wishlist,false,,327,2026,,Poisoned Pen Press
"The Impossible Fortune (Thursday Murder Club, #5)",Richard Osman,9780593653258,222292420,to-buy,wishlist,false,,368,2025,,Pamela Dorman Books
The Intruder,Freida McFadden,9781464260919,231819058,to-buy,wishlist,false,,279,2025,,Poisoned Pen Press
The Boyfriend,Freida McFadden,9781728296227,208503280,to-buy,wishlist,false,,368,2024,,Poisoned Pen Press
The Only One Left,Riley Sager,9780593183229,62703226,to-buy,wishlist,false,,383,2023,,Dutton
Local Woman Missing,Mary Kubica,9780778311669,57361474,to-buy,wishlist,false,,356,2021,,Park Row
The Guest List,Lucy Foley,,52656911,to-buy,wishlist,false,,319,2020,,William Morrow
"The Thursday Murder Club (Thursday Murder Club, #1)",Richard Osman,,46000520,to-buy,wishlist,false,,382,2020,,Penguin Books
Then She Was Gone,Lisa Jewell,9781501154645,35297426,to-buy,wishlist,false,,356,2018,,Atria Books
"Big Little Lies (Big Little Lies, #1)",Liane Moriarty,9780399587191,33516773,to-buy,wishlist,false,,460,2017,,Berkley
Gone Girl,Gillian Flynn,9780307588371,19288043,to-buy,wishlist,false,,415,2014,,Ballantine Books
The Girl on the Train,Paula Hawkins,9781594633669,22557272,to-buy,wishlist,false,,336,2015,,Riverhead Books
The Woman in Cabin 10 (Lo Blacklock #1),Ruth Ware,9781668221877,233770059,to-buy,wishlist,false,,400,2025,,Simon & Schuster
Wrong Place Wrong Time,Gillian McAllister,9780063252349,59947696,to-read,unread,true,,416,2022,,William Morrow
Dirty 20,Bill Schweigart,9781368114578,240187265,to-buy,wishlist,false,,416,2026,,Hyperion Avenue
"Bridget Jones’s Diary (Bridget Jones, #1)",Helen Fielding,9780140280098,227443,read,read,true,2,288,1999,2026/04/28,Penguin Books
The True Confessions of Charlotte Doyle (Scholastic Gold),Avi,9780545922470,25943245,read,read,true,5,243,2015,2026/04/25,Scholastic Inc.
"December (Calendar Girl, #12)",Audrey Carlan,9781947222113,26879258,read,read,true,3,169,2015,2026/04/13,Waterhouse Press
"November (Calendar Girl, #11)",Audrey Carlan,9781947222106,26523232,read,read,true,3,138,2015,2026/04/08,Waterhouse Press
"October (Calendar Girl, #10)",Audrey Carlan,9781947222090,26523230,read,read,true,3,135,2015,2026/04/04,Waterhouse Press
"September (Calender Girl, #9)",Audrey Carlan,9781947222083,26523227,read,read,true,4,115,2015,2026/04/01,Waterhouse Press
"August (Calendar Girl, #8)",Audrey Carlan,9781947222076,26007992,read,read,true,4,112,2015,2026/03/30,Waterhouse Press LLC
The Friday Afternoon Club: A Family Memoir,Griffin Dunne,9780593652824,203708995,to-read,unread,true,,400,2024,,Penguin Press
JonBenet: Inside the Ramsey Murder Investigation,Steve Thomas,9780312978617,581543,to-read,unread,true,,413,2000,,St. Martin's Paperbacks
Brave New World,Aldous Huxley,9780060929879,5129,to-read,unread,true,,288,1998,,HarperPerennial / Perennial Classics
A Clockwork Orange,Anthony Burgess,9780393341768,41817486,to-read,unread,true,,240,2019,,W. W. Norton & Company
The Invisible Life of Addie LaRue,V.E. Schwab,9780765387561,50623864,to-buy,wishlist,false,,448,2020,,Tor Books
"July (Calendar Girl, #7)",Audrey Carlan,9781943340057,25791683,read,read,true,4,100,2015,2026/03/29,Audrey  Carlan
"June (Calendar Girl, #6)",Audrey Carlan,9781943340040,25610306,read,read,true,4,100,2015,2026/03/29,Audrey  Carlan
"May (Calendar Girl, #5)",Audrey Carlan,,25409003,read,read,true,4,100,2015,2026/03/28,Audrey  Carlan
"April (Calendar Girl, #4)",Audrey Carlan,9780990914396,25157544,read,read,true,4,100,2015,2026/03/26,Audrey  Carlan
"March (Calendar Girl, #3)",Audrey Carlan,9780990914372,24980433,read,read,true,3,106,2015,2026/03/25,Audrey  Carlan
"February (Calendar Girl, #2)",Audrey Carlan,9780990914365,24514594,read,read,true,4,129,2015,2026/03/24,Audrey Carlan
"January (Calendar Girl, #1)",Audrey Carlan,9780990914358,24283477,read,read,true,4,136,2015,2026/03/21,Audrey Carlan
Psychopat,Harold Schechter,9788057503408,245405262,read,read,true,4,304,2026,2026/03/18,Ikar
The Scarlet Letter,Nathaniel Hawthorne,9780142437261,12296,did-not-finish,dnf,true,2,279,2002,,Penguin Books
Reminders of Him,Colleen Hoover,,58346977,read,read,true,4,320,2022,2026/03/11,Montlake
Half His Age,Jennette McCurdy,9780593723739,240424526,to-buy,wishlist,false,,288,2026,,Ballantine Books
Shoeless Joe,W.P. Kinsella,9780785729020,57736,to-read,unread,true,,272,1999,,Turtleback Books
"The Duke and I (Bridgertons, #1)",Julia Quinn,,25322247,read,read,true,4,433,2015,2026/03/09,Avon
Dark World: Into the Shadows with the Lead Investigator of The Ghost Adventures Crew,Zak Bagans,9781628602548,33921070,read,read,true,3,272,2017,2026/03/06,Victory Belt Publishing
"The Housemaid's Wedding (The Housemaid, #2.5)",Freida McFadden,,220921867,read,read,true,4,76,2024,2026/02/22,Hollywood Upstairs Press
The Martian,Andy Weir,9780804139021,18007564,to-read,unread,true,,369,2014,,Crown Publishers
I'm Glad My Mom Died,Jennette McCurdy,9781982185824,59366244,read,read,true,5,304,2022,2026/02/19,Simon & Schuster
Semi-Well-Adjusted Despite Literally Everything,Alyson Stoner,9781250353498,217387890,to-buy,wishlist,false,,320,2025,,St. Martin's Press
I Who Have Never Known Men,Jacqueline Harpman,9781945492624,60457992,to-buy,wishlist,false,,175,2022,,Transit Books
"Gilead (Gilead, #1)",Marilynne Robinson,9780312424404,68210,to-buy,wishlist,false,,247,2006,,Picador
"Before the Coffee Gets Cold (Before the Coffee Gets Cold, #1)",Toshikazu Kawaguchi,9781529029581,44421460,to-read,unread,true,,213,2019,,Picador
"An Offer From a Gentleman (Bridgertons, #3)",Julia Quinn,,59340141,to-buy,wishlist,false,,483,2021,,Avon
People We Meet on Vacation,Emily Henry,9781984806758,54985743,to-read,unread,true,,361,2021,,Berkley
The Zookeeper's Wife: A War Story,Diane Ackerman,9780393354256,32722510,read,read,true,3,368,2017,2026/02/12,W. W. Norton & Company
Life of Pi,Yann Martel,9780770430078,4214,to-read,unread,true,,460,2006,,Seal Books
Time Capsule 1950: A History of the Year Condensed from the Pages of Time Magazine,Time-Life Books,,123819699,read,read,true,4,239,1967,2026/01/20,Time-Life Books
Japan's Infamous Unit 731: First-hand Accounts of Japan's Wartime Human Experimentation Program (Tuttle Classics),Hal Gold,9780804852197,43672071,read,read,true,3,256,2019,2026/01/17,Tuttle Publishing
Stiff: The Curious Lives of Human Cadavers,Mary Roach,9780393881721,56769575,to-read,unread,true,,320,2021,,W. W. Norton & Company
Apollo 13,Jim Lovell,9780547526232,44099262,to-read,unread,true,,558,2019,,Mariner Books
The Journals of Dylan Klebold and Eric Harris: Columbine Killers Diaries,Murder Journals,9781794109933,44575289,read,read,true,,210,2019,2025/12/30,Independently published
Regretting You,Colleen Hoover,9781542016421,46117419,read,read,true,3,356,2019,2025/12/26,Montlake
"The Housemaid (The Housemaid, #1)",Freida McFadden,9781803144375,60556912,read,read,true,5,338,2022,2025/12/23,Bookouture
The Subtle Art of Not Giving a F*ck: A Counterintuitive Approach to Living a Good Life,Mark Manson,9798804636129,28257707,to-read,unread,true,,212,2016,,Harper
Crying in H Mart,Michelle Zauner,9780525657743,54814676,to-buy,wishlist,false,,256,2021,,Knopf
Strange Pictures,Uketsu,9780063433083,216670080,to-buy,wishlist,false,,236,2025,,HarperVia
Bury Our Bones in the Midnight Soil,V.E. Schwab,9781035064649,215020997,to-buy,wishlist,false,,535,2025,,Tor
Yellowface,R.F. Kuang,,62047984,to-buy,wishlist,false,,319,2023,,William Morrow
"Fourth Wing (The Empyrean, #1)",Rebecca Yarros,9781649374042,61431922,to-read,unread,true,,517,2023,,Entangled: Red Tower Books
Future Boy: Back to the Future and My Journey Through the Space-Time Continuum,Michael J. Fox,9781250866783,219743625,to-buy,wishlist,false,,162,2025,,Flatiron Books
"The Fellowship of the Ring (The Lord of the Rings, #1)",J.R.R. Tolkien,,61215351,to-read,unread,true,,432,2022,,William Morrow
"Tuesdays with Morrie: An Old Man, a Young Man, and Life's Greatest Lesson",Mitch Albom,,6900,to-read,unread,true,,210,2000,,Warner
Vagabond,Tim Curry,9780306835841,225819054,to-buy,wishlist,false,,304,2025,,Grand Central Publishing
"The Idaho Four: An American Tragedy (James Patterson True Crime, 3)",James  Patterson,9780316572859,222733476,to-buy,wishlist,false,,448,2025,,"Little, Brown and Company"
The Tragedy of True Crime: Four Guilty Men and the Stories That Define Us,John J.  Lennon,9781250858245,222376732,to-buy,wishlist,false,,368,2025,,Celadon Books
Murderland: Crime and Bloodlust in the Time of Serial Killers,Caroline Fraser,9780593657225,217927444,to-buy,wishlist,false,,480,2025,,Penguin Press
"Softly, As I Leave You: Life After Elvis",Priscilla Beaulieu Presley,9780306836480,231364287,read,read,true,4,336,2025,2025/11/08,Grand Central Publishing
Artemis,Andy Weir,9780553448122,34928122,to-buy,wishlist,false,,305,2017,,Crown
Project Hail Mary,Andy Weir,9780593135204,54493401,read,read,true,5,476,2021,2025/10/20,Ballantine Books
Inferno,Dante Alighieri,9780812970067,15645,to-buy,wishlist,false,,490,2022,,Modern Library
The Sun Also Rises,Ernest Hemingway,,3876,to-buy,wishlist,false,,189,1957,,Pan Books
The Call of the Wild,Jack London,,1852,to-buy,wishlist,false,,172,2001,,Scholastic
Beowulf,Unknown,9780393320978,52357,to-read,unread,true,,259,2001,,W.W. Norton & Company
And Then There Were None,Agatha Christie,9780312330873,16299,to-buy,wishlist,false,,264,2004,,St. Martin's Griffin
The Great Gatsby,F. Scott Fitzgerald,,41733839,to-read,unread,true,4,180,2018,2011/01/01,Scribner
"The Cat Who Saved the Library (The Cat Who..., #2)",Sōsuke Natsukawa,9781035050628,218647825,to-buy,wishlist,false,,239,2025,,Picador
"The Curious Kitten at the Chibineko Kitchen (Meals to Remember at the Chibineko Kitchen, #1)",Yuta Takahashi,9780143138617,212807260,to-buy,wishlist,false,,192,2025,,Penguin Books
The Blanket Cats,Kiyoshi Shigematsu,9780593852699,213870117,to-buy,wishlist,false,,272,2025,,G.P. Putnam's Sons
Lost Girls: An Unsolved American Mystery,Robert Kolker,9780062183637,16248146,to-buy,wishlist,false,,399,2013,,Harper
When Breath Becomes Air,Paul Kalanithi,9780812988413,25899336,to-buy,wishlist,false,,208,2016,,Random House
Brave New World and Brave New World Revisited,Aldous Huxley,9780060776091,5479,to-read,unread,true,,340,2005,,Harper Perennial Modern Classics
Call It What You Want,Alissa DeRogatis,9781464223372,206097138,read,read,true,3,307,2024,2025/09/23,Sourcebooks Landmark
Howl’s Moving Castle,Diana Wynne Jones,9780063416468,222399131,to-read,unread,true,,341,2025,,Greenwillow Books
While Idaho Slept: The Hunt for Answers in the Murders of Four College Students,J. Reuben Appelman,9780063346697,123195174,read,read,true,4,274,2023,2025/09/05,Harper Paperbacks
The Last Letter,Rebecca Yarros,9781640635333,40045986,read,read,true,5,426,2019,2025/08/31,Entangled: Amara
Steve Jobs,Walter Isaacson,9781451648539,11084145,to-read,unread,true,,630,2011,,Simon & Schuster
"The Tattooist of Auschwitz (The Tattooist of Auschwitz, #1)",Heather   Morris,9780062870674,38359036,to-read,unread,true,,272,2018,,Harper
The Boy in the Striped Pajamas,John Boyne,9780385751070,39999,to-read,unread,true,,224,2006,,David Fickling Books
In Cold Blood,Truman Capote,9780679745587,168642,to-read,unread,true,,343,1994,,Vintage
The Lost Girls,John Glatt,9781250036377,23453949,to-read,unread,true,,352,2015,,St. Martin's Press
Missoula: Rape and the Justice System in a College Town,Jon Krakauer,9780385538732,24911006,to-buy,wishlist,false,,368,2015,,Doubleday
The Family Next Door: The Heartbreaking Imprisonment of the Thirteen Turpin Siblings and Their Extraordinary Rescue,John Glatt,9781250202130,41150394,to-buy,wishlist,false,,320,2019,,St. Martin's Press
"Stolen Innocence: My Story of Growing Up in a Polygamist Sect, Becoming a Teenage Bride, and Breaking Free of Warren Jeffs",Elissa Wall,9780061628016,2659997,to-buy,wishlist,false,,438,2008,,William Morrow
You Don't Have to Be Mad to Work Here,Benji Waterhouse,9781529927665,199374109,to-buy,wishlist,false,,336,2024,,Vintage Digital
"We'll Always Have Summer (Summer, #3)",Jenny Han,9781416995586,8680278,read,read,true,4,291,2011,2025/08/14,Simon & Schuster Children's Publishing
"It's Not Summer Without You (Summer, #2)",Jenny Han,9781416995555,6584188,read,read,true,4,275,2010,2025/08/12,Simon & Schuster Books for Young Readers
"The Summer I Turned Pretty (Summer, #1)",Jenny Han,9781416968238,5821978,read,read,true,5,276,2009,2025/08/10,Simon & Schuster Books for Young Readers
Into the Wild,Jon Krakauer,,60869516,read,read,true,3,217,2015,2025/08/07,Anchor
Sweet Nothing,Jamie McGuire,9781507606018,25148845,to-read,unread,true,,328,2015,,CreateSpace Independent Publishing Platform
I Can Be a Better You,Tarryn Fisher,,43662570,to-read,unread,true,,300,2018,,
"Just for the Summer (Part of Your World, #3)",Abby Jimenez,,195834342,to-read,unread,true,,424,2024,,Forever
The Nazis Knew My Name,Magda Hellinger,9781982181222,56898304,to-buy,wishlist,false,,320,2022,,Atria Books
The Boys in the Boat: The True Story of an American Team's Epic Journey to Win Gold at the 1936 Olympics,Gregory Mone,9780451475923,24611866,to-read,unread,true,,227,2015,,Viking Books for Young Readers
"A Fever in the Heartland: The Ku Klux Klan's Plot to Take Over America, and the Woman Who Stopped Them",Timothy Egan,9780735225268,61423989,to-buy,wishlist,false,,432,2023,,Viking
Breaking Free,Rachel Jeffs,9780062692825,34217597,to-buy,wishlist,false,,400,2017,,Harper
Home Is Where the Bodies Are,Jeneva Rose,9798212182867,193993695,read,read,true,5,295,2024,2025/08/03,Blackstone Publishing
American Psycho,Bret Easton Ellis,9780679735779,28676,to-read,unread,true,,399,1991,,Vintage Contemporaries
The Story of the Trapp Family Singers,Maria Augusta von Trapp,,11211409,read,read,true,4,377,2011,2025/07/29,HarperCollins e-books
The Wedding People,Alison Espach,9781250899569,177328214,to-read,unread,true,,384,2024,,Henry Holt and Co.
STORM OF SUSPICION: The Karen Read Murder Trials,Kevin Lenihan,9781964730431,230232427,read,read,true,3,355,2025,2025/06/23,WildBlue Press
"A Child Called ""It"" (Dave Pelzer, #1)",Dave Pelzer,,60748,read,read,true,5,184,1995,2025/06/20,Health Communications Inc
A Brother's Journey,Richard B. Pelzer,9780446696333,744754,to-buy,wishlist,false,,272,2006,,Grand Central Publishing
Reflection,Elizabeth Lim,9781484781296,35960069,read,read,true,5,416,2018,2025/06/14,Random House/Disney
A Twisted Tale Anthology,Elizabeth Lim,9781368080415,113277272,to-read,unread,true,,576,2023,,Disney Hyperion
So This is Love,Elizabeth Lim,9781368013826,51300053,to-buy,wishlist,false,,416,2020,,Disney Hyperion
Discovering Titanic: Searching for the Stories Behind the Shipwreck,Ben Hubbard,9781783124121,40543770,read,read,true,3,64,2019,2025/06/12,Carlton Kids
Eva's Story: A Holocaust Survivor's Tale by the Stepsister of Anne Frank,Eva Schloss,9781467457668,59050120,read,read,true,5,271,2019,2025/06/12,Eerdmans Books for Young Readers
"Tomorrow, and Tomorrow, and Tomorrow",Gabrielle Zevin,9780735243347,58784475,to-buy,wishlist,false,,399,2022,,Knopf
Almond,Sohn Won-Pyung,9780062961372,52219386,to-buy,wishlist,false,,272,2020,,HarperVia
All the Lovers in the Night,Mieko Kawakami,9781609456993,59336625,to-buy,wishlist,false,,224,2022,,Europa Editions
"We'll Prescribe You a Cat (We'll Prescribe You a Cat, #1)",Syou Ishida,9780593818749,209891170,to-buy,wishlist,false,,297,2024,,Berkley
What You Are Looking for Is in the Library,Michiko Aoyama,9781335005625,91274427,to-buy,wishlist,false,,304,2023,,Hanover Square Press
Welcome to the Hyunam-Dong Bookshop,Hwang Bo-Reum,,133938826,to-buy,wishlist,false,,307,2024,,Bloomsbury Publishing
"Days at the Morisaki Bookshop (Days at the Morisaki Bookshop, #1)",Satoshi Yagisawa,9780063278677,62047992,to-buy,wishlist,false,,150,2023,,Harper Perennial
The Lantern of Lost Memories,Sanaka Hiiragi,9781538757437,204593511,to-buy,wishlist,false,,208,2024,,Grand Central Publishing
Into Thin Air: A Personal Account of the Mt. Everest Disaster,Jon Krakauer,,1898,to-read,unread,true,,368,1999,,Anchor Books
Room,Emma Donoghue,,31685789,to-read,unread,true,,321,2010,,"Little, Brown and Company"
Bonk: The Curious Coupling of Science and Sex,Mary Roach,9780393334791,5981308,to-buy,wishlist,false,,303,2009,,W. W. Norton & Company
Fuzz: When Nature Breaks the Law,Mary Roach,9781324001935,56769577,to-buy,wishlist,false,,308,2021,,W. W. Norton & Company
Penelope's Bones: A New History of Homer’s World through the Women Written Out of It,Emily Hauser,9780226839684,218663941,to-read,unread,true,,373,2025,,University of Chicago Press
The Maid (Molly the Maid #1),Nita Prose,9780593356173,63024280,to-read,unread,true,,336,2023,,Ballantine Books
Family of Spies,Christine Kuehn,9781250344465,222376793,to-read,unread,true,,272,2025,,Celadon Books
After Auschwitz,Eva Schloss,9781444760682,17828703,read,read,true,5,336,2013,2025/05/30,Hodder & Stoughton
Unnatural Causes: The Life and Many Deaths of Britain's Top Forensic Pathologist,Richard Shepherd,9780718182717,27833843,to-buy,wishlist,false,,400,2018,,Michael Joseph
"Forensics: What Bugs, Burns, Prints, DNA and More Tell Us About Crime",Val McDermid,9780802123916,23214337,to-buy,wishlist,false,,310,2015,,Grove Press
"All That Remains: A Renowned Forensic Scientist on Death, Mortality, and Solving Crimes",Sue Black DBE FRSE,9781948924290,41596657,to-buy,wishlist,false,,321,2019,,Arcade
American Predator: The Hunt for the Most Meticulous Serial Killer of the 21st Century,Maureen Callahan,9780525428640,43231095,to-buy,wishlist,false,,285,2019,,Viking
A Mother's Reckoning: Living in the Aftermath of Tragedy,Sue Klebold,9781101902769,25937671,to-buy,wishlist,false,,336,2016,,Crown
Nothing to Envy: Ordinary Lives in North Korea,Barbara Demick,,40604846,to-buy,wishlist,false,,338,2009,,Spiegel & Grau
The Devil at His Elbow: Alex Murdaugh and the Fall of a Southern Dynasty,Valerie Bauerlein,9780593500583,210454076,to-buy,wishlist,false,,480,2024,,Ballantine Books
Empire of Pain: The Secret History of the Sackler Dynasty,Patrick Radden Keefe,9780385545686,43868109,to-buy,wishlist,false,,535,2021,,Doubleday
Just Mercy,Bryan Stevenson,,20342617,to-buy,wishlist,false,,336,2014,,One World
The Only Plane in the Sky: An Oral History of 9/11,Garrett M. Graff,,43821581,to-buy,wishlist,false,,513,2019,,Simon & Schuster Audio
The Girl Bandits of the Warsaw Ghetto: The True Story of Five Courageous Young Women Who Sparked an Uprising – The Holocaust Biography of Female Resistance Leaders,Elizabeth Hyman,9780063355019,223614387,to-buy,wishlist,false,,352,2025,,Harper Perennial
Notes to John,Joan Didion,9780593803677,223889073,to-buy,wishlist,false,,224,2025,,Knopf
The Best We Could Hope For,Nicola Kraus,9781662522635,202644784,to-buy,wishlist,false,,260,2025,,Little A
Alias Grace,Margaret Atwood,9780385475716,72579,to-buy,wishlist,false,,468,1996,,Doubleday Nan A. Talese
"Code Name Verity (Code Name Verity, #1)",Elizabeth Wein,9781405258210,11925514,to-buy,wishlist,false,,448,2012,,Egmont Press
One Flew Over the Cuckoo's Nest,Ken Kesey,9780670023233,12697427,to-buy,wishlist,false,,277,2012,,Viking
The Unworthy,Agustina Bazterrica,9781668051887,214151601,to-buy,wishlist,false,,192,2025,,Scribner
A Lesson Before Dying,Ernest J. Gaines,9780375702709,5197,to-buy,wishlist,false,,256,1993,,Vintage
"I Know Why the Caged Bird Sings (Maya Angelou's Autobiography, #1)",Maya Angelou,9780553279375,13214,to-buy,wishlist,false,,289,1993,,Bantam Books
Tender Is the Flesh,Agustina Bazterrica,,49090884,to-buy,wishlist,false,,209,2020,,Scribner
"Parable of the Sower (Earthseed, #1)",Octavia E. Butler,9780446675505,52397,to-buy,wishlist,false,,368,2000,,Grand Central Publishing
"Cutter's official guide to Hot Springs, Arkansas (1917)",John Milton Cutter,9780896460577,15310565,read,read,true,3,52,1997,2025/05/21,VISTABOOKS
A Stolen Life,Jaycee Dugard,9781451629187,11330361,read,read,true,5,273,2011,2025/05/09,Simon & Schuster
An Astronaut's Guide to Life on Earth,Chris Hadfield,9780316253017,18170143,to-buy,wishlist,false,,295,2013,,"Little, Brown and Company"
Too Much and Never Enough: How My Family Created the World's Most Dangerous Man,Mary L. Trump,9781982141486,54114950,to-buy,wishlist,false,,236,2020,,Simon & Schuster
Becoming,Michelle Obama,9781524763138,38746485,to-buy,wishlist,false,,448,2018,,Crown
Under the Banner of Heaven: A Story of Violent Faith,Jon Krakauer,9780330419123,10847,to-buy,wishlist,false,,432,2004,,Pan MacMillan
Hope: A Memoir of Survival in Cleveland,Amanda     Berry,9780525427650,23399022,to-buy,wishlist,false,,321,2015,,Viking
Mission at Nuremberg: An American Army Chaplain and the Trial of the Nazis,Tim  Townsend,9780062300195,21420139,to-read,unread,true,,402,2014,,William Morrow
The Boo,Pat Conroy,9780937036020,771466,to-read,unread,true,,174,2005,,Old New York Book Shop Pr
Gone With the Wind,Margaret Mitchell,,34689759,to-read,unread,true,,959,2011,,Scribner
Through Their Eyes: What really happened in the world's toughest plebe system ... at least to these guys.,G.U. Steffner,,23126613,to-buy,wishlist,false,,164,2014,,
The Dirt: Confessions of the World's Most Notorious Rock Band,Tommy Lee,9780060989156,25378,to-read,unread,true,,431,2002,,HCP US (PG UK)
Survival in Auschwitz,Primo Levi,9780684826806,6174,to-buy,wishlist,false,,187,1996,,University Press of Florida
The Hiding Place: The Triumphant True Story of Corrie Ten Boom,Corrie ten Boom,9780553256697,561909,to-buy,wishlist,false,,242,1974,,Bantam
"The Women's History of the Modern World: How Radicals, Rebels, and Everywomen Revolutionized the Last 200 Years",Rosalind Miles,9780062444035,53327804,to-buy,wishlist,false,,432,2021,,William Morrow Paperbacks
All in Her Head: The Truth and Lies Early Medicine Taught Us About Women’s Bodies and Why It Matters Today,Elizabeth Comen,9780063293014,158649729,to-buy,wishlist,false,,368,2024,,Harper Wave
Anne Frank Remembered: The Story of the Woman Who Helped to Hide the Frank Family,Miep Gies,9780671662349,5509,read,read,true,5,256,1988,2025/05/05,Simon & Schuster
The Phantom of the Opera,Gaston Leroux,,17728412,read,read,true,3,386,2012,2025/04/28,
The Story of My Life,Helen Keller,9780553213874,821611,read,read,true,2,240,1990,2025/04/22,Bantam Classics
Dead Poets Society,N.H. Kleinbaum,9780553282986,67238,to-buy,wishlist,false,,166,1989,,Starfire
Running on Air,Eleventy7,,29228897,to-buy,wishlist,false,,177,2014,,Ao3
The Crucible,Arthur Miller,9780142437339,17250,to-read,unread,true,,143,2003,,Penguin Books
Beyond Belief: My Secret Life Inside Scientology and My Harrowing Escape,Jenna Miscavige Hill,9780062248473,15827066,to-read,unread,true,,402,2013,,William Morrow/HarperCollins (NYC)
"Sunrise on the Reaping (The Hunger Games, #0.5)",Suzanne Collins,9781546171461,214331246,read,read,true,4,387,2025,2025/04/07,Scholastic Press
"Breaking Dawn (Twilight Saga, #4)",Stephenie Meyer,9780316067928,1162543,read,read,true,5,756,2008,2014/01/01,"Little, Brown and Company"
Women in the Valley of the Kings: The Untold Story of Women Egyptologists in the Gilded Age,Kathleen Sheppard,9781250284358,195791072,to-buy,wishlist,false,,320,2024,,St. Martin's Press
Rat City: Overcrowding and Urban Derangement in the Rodent Universes of John B. Calhoun,Jon      Adams,9781685890995,186491482,to-buy,wishlist,false,,384,2024,,Melville House
"Dr. Calhoun's Mousery: The Strange Tale of a Celebrated Scientist, a Rodent Dystopia, and the Future of Humanity",Lee Alan Dugatkin,9780226827858,209049922,to-buy,wishlist,false,,240,2024,,University of Chicago Press
The House of My Mother: A Daughter's Quest for Freedom,Shari Franke,9781668065396,214151420,read,read,true,5,320,2025,2025/03/31,Gallery Books
999: The Extraordinary Young Women of the First Official Jewish Transport to Auschwitz,Heather Dune Macadam,9780806539362,44909230,to-read,unread,true,,464,2019,,Citadel
The Light of Days: The Untold Story of Women Resistance Fighters in Hitler's Ghettos,Judy Batalion,9780062874214,52090762,to-buy,wishlist,false,,560,2021,,William Morrow
Propaganda Girls: The Secret War of the Women in the OSS,Lisa Rogak,9781250275592,211003699,to-buy,wishlist,false,,225,2025,,St. Martin's Press
"Chaos: Charles Manson, the CIA, and the Secret History of the Sixties",Tom O'Neill,9780316477574,43015073,to-read,unread,true,,504,2019,,"Little, Brown and Company"
Hidden Valley Road: Inside the Mind of an American Family,Robert Kolker,9780385543767,50088631,to-read,unread,true,,377,2020,,Doubleday
Mrs. Kennedy and Me: An Intimate Memoir,Clint Hill,9781451648447,13230263,to-read,unread,true,,343,2012,,Gallery Books
Escape from Camp 14: One Man's Remarkable Odyssey from North Korea to Freedom in the West,Blaine Harden,9780670023325,11797365,to-read,unread,true,,205,2012,,Viking
Challenger: A True Story of Heroism and Disaster on the Edge of Space,Adam Higginbotham,9781982176617,199798785,to-read,unread,true,,563,2024,,Avid Reader Press / Simon & Schuster
"Wicked: The Life and Times of the Wicked Witch of the West (The Wicked Years, #1)",Gregory Maguire,,37442,to-read,unread,true,,406,2000,,ReganBooks
"Eclipse (Crepúsculo, #3)",Stephenie Meyer,9780316160209,428263,read,read,true,5,629,2007,2014/01/01,"Little, Brown and Company"
Bad Friend: How Women Revolutionized Modern Friendship,Tiffany Watt Smith,9781250870216,217387999,to-buy,wishlist,false,,304,2025,,Celadon Books
Free: My Search for Meaning,Amanda   Knox,9781538770719,219867662,to-buy,wishlist,false,,304,2025,,Grand Central Publishing
Mary Edwards Walker: America's Only Female Medal of Honor Recipient,Ammar Habib,,51411855,to-buy,wishlist,false,,311,2020,,A. H. Press
'Tis,Frank McCourt,9780006551812,4912,to-read,unread,true,,495,1999,,Flamingo
Escape,Carolyn Jessop,9780767927567,818811,to-buy,wishlist,false,,413,2007,,Broadway Books
One Hundred Years of Solitude,Gabriel García Márquez,,320,to-buy,wishlist,false,,417,2003,,Harper
Midnight Sun [2008 Draft],Stephenie Meyer,,4502877,read,read,true,,264,2008,,
Schindler’s List,Thomas Keneally,9780340606513,375013,to-buy,wishlist,false,,429,1994,,Sceptre
Beloved,Toni Morrison,9781400033416,6149,to-buy,wishlist,false,,325,2004,,Vintage
Madame Bovary,Gustave Flaubert,9780192840394,2175,to-buy,wishlist,false,,329,2004,,Oxford University Press
The Joy Luck Club,Amy Tan,,7763,to-buy,wishlist,false,,288,2006,,Penguin (Non-Classics)
A Midsummer Night’s Dream,William Shakespeare,9780743477543,1622,to-buy,wishlist,false,,298,2016,,Simon & Schuster
Love in the Time of Cholera,Gabriel García Márquez,9781400034680,9712,to-buy,wishlist,false,,348,2003,,Vintage International
The Count of Monte Cristo,Alexandre Dumas,9780140449266,7126,to-buy,wishlist,false,,1276,2003,,Penguin Classics
"Interview with the Vampire (The Vampire Chronicles, #1)",Anne Rice,9780345476876,43763,to-buy,wishlist,false,,346,2004,,Ballantine Books
"Harry Potter and the Goblet of Fire (Harry Potter, #4)",J.K. Rowling,,58613424,to-read,unread,true,,752,2000,,Scholastic Inc.
"Watership Down (Watership Down, #1)",Richard  Adams,9780380395866,76620,to-buy,wishlist,false,,478,1975,,Avon Books
Water for Elephants,Sara Gruen,9781565125605,43641,to-buy,wishlist,false,,368,2007,,Algonquin Books
Slaughterhouse-Five,Kurt Vonnegut Jr.,,4981,to-buy,wishlist,false,,275,1999,,Dial Press
The Lovely Bones,Alice Sebold,9780316166683,12232938,to-buy,wishlist,false,,372,2006,,"Little, Brown and Company"
Memoirs of a Geisha,Arthur Golden,9781400096893,929,to-read,unread,true,,503,2005,,Vintage Books USA
"Harry Potter and the Order of the Phoenix (Harry Potter, #5)",J.K. Rowling,9780439686525,2,to-read,unread,true,,576,2004,,Scholastic Inc.
"Unbroken: A World War II Story of Survival, Resilience and Redemption",Laura Hillenbrand,9781400064168,8664353,to-read,unread,true,,475,2010,,Random House
11/22/63,Stephen  King,9781451627282,10644930,to-read,unread,true,,849,2011,,Scribner
"Oryx and Crake (MaddAddam, #1)",Margaret Atwood,,46756,to-read,unread,true,,389,2004,,Anchor Books
"The Story of Ain't: America, Its Language, and the Most Controversial Dictionary Ever Published",David  Skinner,9780062027467,13623950,to-read,unread,true,,351,2012,,Harper
"New Moon (Twilight Saga, #2)",Stephenie Meyer,9780316160193,49041,read,read,true,5,563,2006,2014/01/01,"Little, Brown and Company"
Go Ask Alice,Beatrice Sparks,9781416914631,46799,to-read,unread,true,,213,2006,,Simon Pulse
The Radium Girls: The Dark Story of America’s Shining Women,Kate  Moore,9781492649359,31409135,to-read,unread,true,,479,2017,,Sourcebooks
"Twilight (Twilight Saga, #1)",Stephenie Meyer,9780316015844,41865,read,read,true,5,498,2006,2014/01/19,"Little, Brown and Company"
Everything Is Tuberculosis: The History and Persistence of Our Deadliest Infection,John  Green,9780525556572,220341389,to-buy,wishlist,false,,198,2025,,Crash Course Books
"Midnight Sun (The Twilight Saga, #5)",Stephenie Meyer,9780316707046,53287484,read,read,true,4,662,2020,2025/03/14,"Little, Brown Books for Young Readers"
"Spirit Bound (Vampire Academy, #5)",Richelle Mead,9781595142504,6479259,read,read,true,4,489,2010,2014/01/01,Razorbill
Sociopath,Patric Gagne,9781668003183,176443093,to-buy,wishlist,false,,368,2024,,Simon & Schuster
Revenge of the Tipping Point,Malcolm Gladwell,9780316575805,216857785,to-buy,wishlist,false,,352,2024,,"Little, Brown and Company"
Why Kids Kill: Inside the Minds of School Shooters,Peter Langman,9780230608023,3510210,to-buy,wishlist,false,,193,2009,,St. Martin's Press
Sandy Hook,Elizabeth  Williamson,9781524746575,59546340,to-buy,wishlist,false,,496,2022,,Dutton
This Has Happened: An Italian Family in Auschwitz,Piera Sonnino,9781403975089,645409,to-buy,wishlist,false,,224,2006,,St. Martin's Press
Leo,Mia Sheridan,,17825503,read,read,true,,207,2013,,
"Strange Planet (Strange Planet, #1)",Nathan W. Pyle,9780062970701,44890112,read,read,true,4,144,2019,2020/01/01,Morrow Gift
Smoke Gets in Your Eyes: And Other Lessons from the Crematory,Caitlin Doughty,9780393240238,20663702,to-buy,wishlist,false,,254,2014,,W. W. Norton & Company
"Sweet Filthy Boy (Wild Seasons, #1)",Christina Lauren,9781476751801,18775297,read,read,true,3,418,2014,2016/01/01,Gallery Books
The Boys in the Boat: Nine Americans and Their Epic Quest for Gold at the 1936 Berlin Olympics,Daniel James Brown,9780670025817,16158542,to-read,unread,true,,404,2013,,Viking
"One Summer: America, 1927",Bill Bryson,9780767919401,17262366,to-buy,wishlist,false,,509,2013,,Doubleday
Empty Mansions: The Mysterious Life of Huguette Clark and the Spending of a Great American Fortune,Bill Dedman,9780345534521,17704903,to-buy,wishlist,false,,456,2013,,Ballantine Books
The Girls of Atomic City: The Untold Story of the Women Who Helped Win World War II,Denise Kiernan,9781451617528,15801668,to-buy,wishlist,false,,373,2013,,Touchstone/Simon & Schuster
The Lover's Dictionary,David Levithan,9780374193683,9279177,read,read,true,,211,2011,2011/01/01,"Farrar, Straus and Giroux"
"Bloodlines (Bloodlines, #1)",Richelle Mead,9781595143174,8709527,read,read,true,,432,2011,2011/01/01,Razorbill
"Then They Came for Me: A Family's Story of Love, Captivity, and Survival",Maziar Bahari,9781400069460,11500827,to-buy,wishlist,false,,384,2011,,Random House
"Vampire Academy (Vampire Academy: The Graphic Novel, #1)",Leigh Dragoon,9781595144294,8643220,read,read,true,,144,2011,2011/01/01,Razorbill
This Star Won't Go Out: The Life and Words of Esther Grace Earl,Esther Earl,9780525426363,17675031,to-buy,wishlist,false,,448,2014,,Dutton Books for Young Readers
The Romanov Sisters: The Lost Lives of the Daughters of Nicholas and Alexandra,Helen Rappaport,9781250020208,18404173,to-buy,wishlist,false,,492,2014,,St. Martin's Press
Animal Farm,George Orwell,9780451526342,170448,to-read,unread,true,,141,1996,,Signet Classics
The Alchemist,Paulo Coelho,9780062315007,18144590,to-read,unread,true,,182,2014,,HarperOne
Elvis: What Happened?,Steve Dunleavy,9780345272157,1153768,read,read,true,3,332,1977,2025/01/10,Ballantine Books
The Outsiders,S.E. Hinton,9780140385724,7840334,read,read,true,4,180,2008,2025/03/06,Speak
The Medici (Italian Histories),Paul Strathern,9781681771137,26208884,read,read,true,3,430,2016,2025/03/03,Pegasus Books
The Tipping Point: How Little Things Can Make a Big Difference,Malcolm Gladwell,,2612,to-read,unread,true,,301,2002,,Time Warner Book Group
The Center Cannot Hold: My Journey Through Madness,Elyn R. Saks,9781401301385,1098486,to-read,unread,true,,340,2007,,Grand Central Publishing
Z: A Novel of Zelda Fitzgerald,Therese Anne Fowler,9781250028648,15994634,to-read,unread,true,,464,2013,,St. Martin's Press
"Honor and Betrayal: The Untold Story of the Navy SEALs Who Captured the """"Butcher of Fallujah""""--and the Shameful Ordeal They Later Endured",Patrick Robinson,9780306823084,17981324,to-read,unread,true,,368,2013,,Da Capo Press
The Dressmakers of Auschwitz: The True Story of the Women Who Sewed to Survive,Lucy Adlington,9780063030930,57007407,to-read,unread,true,,381,2021,,Harper Paperbacks
The Lost Boy (Dave Pelzer #2),Dave Pelzer,9781558745155,2743,to-read,unread,true,,331,1997,,Health Communications
Japan 1941: Countdown to Infamy,Eri Hotta,9780307594013,17345183,to-read,unread,true,,320,2013,,Alfred A. Knopf
The Scarlet Pimpernel,Emmuska Orczy,9781576469231,136116,to-read,unread,true,,182,2005,,Quiet Vision Pub
The Awakening,Kate Chopin,9780543898081,58345,to-read,unread,true,,195,2006,,Elibron Classics
All Quiet on the Western Front,Erich Maria Remarque,9780449213940,355697,to-read,unread,true,,296,1987,,Ballantine Books
Counting the Cost,Jill Duggar,,167770288,to-read,unread,true,,288,2023,,Gallery Books
The Catcher in the Rye,J.D. Salinger,9780316769174,5107,to-read,unread,true,,277,2001,,Back Bay Books
My Time to Stand,Gypsy-Rose Blanchard,9781637745908,212262006,to-buy,wishlist,false,,264,2024,,BenBella Books
The Male Brain: A Breakthrough Understanding of How Men and Boys Think,Louann Brizendine,9780767927536,6061718,to-read,unread,true,,271,2010,,Harmony
Ikigai: The Japanese Secret to a Long and Happy Life,Héctor  García,,124950497,to-read,unread,true,,208,2017,,
A Farewell to Arms,Ernest Hemingway,9798212633659,215003824,to-buy,wishlist,false,,320,2025,,"Blackstone Publishing, Inc."
The Song of Achilles,Madeline Miller,,13623848,to-buy,wishlist,false,,408,2012,,Ecco
My Own Words,Ruth Bader Ginsburg,9781501145247,29868604,to-read,unread,true,,400,2016,,Simon & Schuster
The Will to Kill: Making Sense of Senseless Murder,James Alan Fox,9780205516711,1732610,to-read,unread,true,,266,2007,,Pearson College Div
The English Patient,Michael Ondaatje,9780771068713,11713,to-read,unread,true,,320,2006,,McClelland & Stewart
The Nazi Officer's Wife: How One Jewish Woman Survived the Holocaust,Edith Hahn Beer,9780688177768,682761,to-read,unread,true,,305,2000,,William Morrow Paperbacks
Voodoo Histories: The Role of the Conspiracy Theory in Shaping Modern History,David Aaronovitch,9780224074704,4504094,to-buy,wishlist,false,,358,2009,,Jonathan Cape
The Anxious Generation: How the Great Rewiring of Childhood Caused an Epidemic of Mental Illness,Jonathan Haidt,9780593655030,171681821,to-buy,wishlist,false,,385,2024,,Penguin Press
The Third Gilmore Girl: A Memoir,Kelly  Bishop,9781668023778,207298106,to-buy,wishlist,false,,244,2024,,Gallery Books
The Bookshop: A History of the American Bookstore,Evan Friss,9780593299920,201751300,to-buy,wishlist,false,,416,2024,,Viking
Dinner for Vampires: Life on a Cult TV Show (While Also in an Actual Cult!),Bethany Joy Lenz,9781668067307,208840265,to-buy,wishlist,false,,303,2024,,Simon & Schuster
Me and a Guy Named Elvis: My Lifelong Friendship with Elvis Presley,Jerry Schilling,9781592402311,235898,to-buy,wishlist,false,,368,2006,,Gotham
A Little Thing Called Life: From Elvis's Graceland to Bruce Jenner's Caitlyn & Songs in Between,Linda    Thompson,9780062469762,27212450,to-buy,wishlist,false,,384,2016,,Dey Street Books
Dr. Jekyll and Mr. Hyde,Robert Louis Stevenson,9780451528957,51496,to-buy,wishlist,false,,139,2003,,Signet Classic
Ask Not: The Kennedys and the Women They Destroyed,Maureen Callahan,9780316276177,201626940,to-buy,wishlist,false,,400,2024,,"Little, Brown and Company"
SPQR: A History of Ancient Rome,Mary Beard,9781631492228,28789711,to-buy,wishlist,false,,606,2016,,Liveright
Midnight Calling: A Memoir of a Drug Smuggler's Daughter,Lynn  Walker,,122614370,to-buy,wishlist,false,,,2022,,MZW Publishing
Circe,Madeline Miller,9780316556347,35959740,to-buy,wishlist,false,,393,2018,,"Little, Brown and Company"
"Mengele: Unmasking the ""Angel of Death""",David G. Marwell,9780393609530,45894123,to-buy,wishlist,false,,432,2020,,W. W. Norton & Company
Life Worth Living: A Guide to What Matters Most,Miroslav Volf,9780593489321,220999064,to-buy,wishlist,false,,352,2025,,The Open Field
The Little Prince,Antoine de Saint-Exupéry,9780152023980,157993,to-buy,wishlist,false,,96,2000,,"Harcourt, Inc."
"The Wonderful Wizard of Oz (Oz, #1)",L. Frank Baum,9780140621679,236093,to-buy,wishlist,false,,154,1995,,Penguin
"The Winds of War (The Henry Family, #1)",Herman Wouk,9780316952668,21484,to-buy,wishlist,false,,896,2002,,"Little, Brown Paperbacks"
The Bell Jar,Sylvia Plath,,6514,to-buy,wishlist,false,,294,2006,,Harper Perennial Modern Classics
"Hail to the Chiefs: Presidential Mischief, Morals, and Malarkey from George W. to George W",Barbara Holland,9781579620813,894493,to-buy,wishlist,false,,272,2003,,Permanent Pr Pub Co
The World According to Garp,John Irving,9780345915597,7069,to-buy,wishlist,false,,610,1999,,Ballantine Books
Catch-22,Joseph Heller,9780684833392,168668,to-buy,wishlist,false,,453,2004,,Simon & Schuster
The Stranger,Albert Camus,,49552,to-buy,wishlist,false,,123,1989,,Vintage International
"Anne of Green Gables (Anne of Green Gables, #1)",L.M. Montgomery,9780451528827,8127,to-buy,wishlist,false,,320,2003,,Signet
Northanger Abbey,Jane Austen,9781593082642,50398,to-buy,wishlist,false,,260,2005,,Barnes & Noble Classics
The Metamorphosis,Franz Kafka,9780553213690,485894,to-buy,wishlist,false,,201,1972,,Bantam Classics
Macbeth: Moment by Moment,William Shakespeare,9780998809106,43913694,to-buy,wishlist,false,,214,2016,,Shakespeare Moment by Moment
Dracula,Bram Stoker,9780393970128,17245,to-buy,wishlist,false,,488,1986,,Norton
A Tale of Two Cities,Charles Dickens,9780141439600,1953,to-buy,wishlist,false,,489,2003,,Penguin Books
Jane Eyre,Charlotte Brontë,9780142437209,10210,to-buy,wishlist,false,,532,2003,,Penguin
The Picture of Dorian Gray,Oscar Wilde,,5297,to-buy,wishlist,false,,272,2004,,Random House: Modern Library
"How to Stop Being Toxic: Quit Manipulative Behaviors, Avoid Hurting the People You Love, and Start Healthy Relationships",Tom Stokes,9798851294013,184998177,read,read,true,3,126,2023,2025/02/25,Independently published
"A Better Share: How Couples Can Tackle the Mental Load for More Fun, Less Resentment, and Great Sex",Morgan Cutlip,9781400239672,216052753,to-read,unread,true,,272,2025,,Thomas Nelson
"Losing It (Losing It, #1)",Cora Carmack,9780988393509,16034964,read,read,true,,189,2012,2015/01/01,HarperCollins Publishers
"It Starts with Us (It Ends with Us, #2)",Colleen Hoover,9781668001226,60393672,read,read,true,4,324,2022,2024/10/14,Atria Books
1984,George Orwell,,5470,read,read,true,4,328,1950,2025/02/05,New American Library
The Road,Cormac McCarthy,9780307265432,6288,read,read,true,4,241,2006,2025/01/24,Alfred A. Knopf
Architect of Death at Auschwitz: A Biography of Rudolf Hoss,John W. Primomo,9781476681467,50352025,read,read,true,2,251,2020,2025/01/18,McFarland
Commandant of Auschwitz: The Autobiography of Rudolf Hoess,Rudolf Höss,9781842120248,275646,read,read,true,2,252,2000,2025/01/18,Weidenfeld & Nicolson
Manacled,SenLinYu,,52122096,to-read,unread,true,,925,2018,,Archive of Our Own
Draco Malfoy and the Mortifying Ordeal of Being in Love,isthisselfcare,,60127763,to-read,unread,true,,593,2022,,ao3
"Sometimes It Lasts (Sea Breeze, #5)",Abbi Glines,9781481406703,18051261,read,read,true,5,268,2014,2014/01/01,Simon & Schuster Books for Young Readers
Hopeless,Colleen Hoover,,144157161,read,read,true,5,0,2001,2014/01/01,Atria Books
"Rule (Marked Men, #1)",Jay Crownover,,17200687,read,read,true,4,369,2012,2017/01/01,Jay Crownover Books
"The Billionaire's Baby (The Billionaire's Baby, #1-3)",Helen    Cooper,,17201960,read,read,true,4,188,2012,2015/01/01,
"Losing Hope (Hopeless, #2)",Colleen Hoover,9781476746555,17571797,read,read,true,5,321,2013,2014/01/01,Atria Books
"Forever Too Far (Rosemary Beach, #3; Too Far, #3)",Abbi Glines,,17337562,read,read,true,5,292,2013,2023/01/01,Abbi Glines
"Easy (Contours of the Heart, #1)",Tammara Webber,9780425266748,16056408,read,read,true,5,336,2012,2015/01/01,Penguin Berkley
"While It Lasts (Sea Breeze, #3)",Abbi Glines,9781442488663,16102250,read,read,true,5,267,2013,2014/01/01,Simon & Schuster Books for Young Readers
"Leif (Existence, #2.5)",Abbi Glines,9780692331484,24392494,read,read,true,4,80,2014,2014/01/01,Abbi\Glines
"Walking Disaster (Beautiful, #2)",Jamie McGuire,9781476712987,15745950,read,read,true,5,448,2013,2016/01/01,Atria Books
"The Lightning Thief: The Graphic Novel (Percy Jackson and the Olympians: The Graphic Novels, #1)",Robert Venditti,9781423116967,7736086,read,read,true,5,135,2010,2018/01/01,Disney-Hyperion
"Just for Now (Sea Breeze, #4)",Abbi Glines,9781442488601,16102247,read,read,true,5,307,2013,2014/01/01,Simon & Schuster Books for Young Readers
This Girl (Slammed) by Colleen Hoover (12-Sep-2013) Paperback,Colleen Hoover,,129417017,read,read,true,5,,,2014/01/01,Simon & Schuster Ltd
"Point of Retreat (Slammed, #2)",Colleen Hoover,9781476715926,62600103,read,read,true,5,302,2022,2014/01/01,Atria Books
"Slammed (Slammed, #1)",Colleen Hoover,,15803858,read,read,true,5,317,2012,2014/01/01,Simon & Schuster
"Reckless (Thoughtless, #3)",S.C. Stephens,9781476718200,15851738,read,read,true,4,532,2013,2016/01/01,Gallery Books
"Predestined (Existence, #2)",Abbi Glines,,13323842,read,read,true,5,214,2012,2014/01/01,
"Because of Low (Sea Breeze, #2)",Abbi Glines,,16117358,read,read,true,5,321,2012,2013/01/01,Simon Pulse
"Fifty Shades Freed (Fifty Shades, #3)",E.L. James,9780345803504,13536860,read,read,true,4,579,2013,2016/01/01,Vintage Books
"Me Before You (Me Before You, #1)",Jojo Moyes,9780670026609,17347634,read,read,true,4,369,2012,2016/01/01,Pamela Dorman Books
"The Vincent Boys (The Vincent Boys, #1)",Abbi Glines,,12900174,read,read,true,4,260,2011,2013/01/01,
"Existence (Existence, #1)",Abbi Glines,9781617980145,13223520,read,read,true,5,202,2014,2014/01/01,WIld Child Publishing
The Fault in Our Stars,John  Green,9780525478812,25856606,read,read,true,5,313,2012,2014/01/01,Dutton Books
"Fifty Shades Darker (Fifty Shades, #2)",E.L. James,9781612130583,11857408,read,read,true,4,532,2011,2016/01/01,The Writer's Coffee Shop Publishing House
"Effortless (Thoughtless, #2)",S.C. Stephens,9781476717487,15842441,read,read,true,4,487,2013,2016/01/01,Gallery Books
"Beautiful Disaster (Beautiful, #1)",Jamie McGuire,,11505797,read,read,true,5,432,2011,2014/01/01,Jamie McGuire
"Breathe (Sea Breeze, #1)",Abbi Glines,9781442488717,18906497,read,read,true,5,357,2013,2014/01/01,Simon & Schuster Books for Young Readers
"Thoughtless (Thoughtless, #1)",S.C. Stephens,9781461091110,13517535,read,read,true,5,530,2011,2016/01/01,CreateSpace
"New Moon: The Complete Illustrated Movie Companion (The Twilight Saga: The Official Illustrated Movie Companion, #2)",Mark Cotta Vaz,9780316075800,6466909,read,read,true,4,144,2009,2008/01/01,"Little, Brown Books for Young Readers"
"Blood Promise (Vampire Academy, #4)",Richelle Mead,9781595141989,5996153,read,read,true,4,503,2009,2010/01/01,Razorbill
"Shadow Kiss (Vampire Academy, #3)",Richelle Mead,9781595141972,2802316,read,read,true,5,443,2008,2010/01/01,G.P. Putnam's Sons Books for Young Readers
"Frostbite (Vampire Academy, #2)",Richelle Mead,,2282133,read,read,true,5,327,2008,2010/01/01,Razorbill
"Harry Potter and the Chamber of Secrets (Harry Potter, #2)",J.K. Rowling,9781338716535,56603519,read,read,true,5,400,2021,2018/01/01,Scholastic Inc.
"The Last Husband (Forever Love, #2)",J.S. Cooper,9781940218014,17858603,read,read,true,3,270,2013,2016/01/01,"Amazon Digital Services, Inc."
Indelible Lovin': Max & Jane's Story Vol. 1 (Indelible Love #2),D.W. Cee,,17842989,read,read,true,3,287,2013,2015/01/01,D.W. Cee
"Beautiful Bombshell (Beautiful Bastard, #2.5)",Christina Lauren,9781476755090,18051233,read,read,true,3,129,2013,2015/01/01,Gallery Books
"Lost & Found (Lost & Found, #1)",Nicole  Williams,9780988331396,17899054,read,read,true,3,360,2013,2014/01/01,Publishing Platform
"Lost to You (Take This Regret, #0.5)",A.L. Jackson,,17337323,read,read,true,3,166,2013,2014/01/01,Sapphire Star Publishing
"Shadow Kiss: A Graphic Novel (Vampire Academy: The Graphic Novel, #3)",Leigh Dragoon,9781595144317,18143095,read,read,true,3,160,2013,2015/01/01,Razorbill
"Beautiful Stranger (Beautiful Bastard, #2)",Christina Lauren,9781476731537,16117506,read,read,true,3,345,2013,2015/01/01,Gallery Books
"Ceaseless (Existence, #3)",Abbi Glines,,16118514,read,read,true,3,190,2012,2013/01/01,Abbi Glines
Indelible Love - Jake's Story (Indelible Love #1.5),D.W. Cee,,13572071,read,read,true,3,341,2013,2015/01/01,DW Cee
Indelible Love - Emily's Story (Indelible Love #1),D.W. Cee,,13578282,read,read,true,3,363,2012,2015/01/01,D.W. Cee
"If I Stay (If I Stay, #1)",Gayle Forman,9780525421030,4374400,read,read,true,3,208,2009,2013/01/01,Viking
"The Ruby Circle (Bloodlines, #6)",Richelle Mead,9781595143228,8709528,read,read,true,2,348,2015,2011/01/01,Razorbill
"The Indigo Spell (Bloodlines, #3)",Richelle Mead,9781595143198,8709526,read,read,true,2,401,2013,2010/01/01,Razorbill
"Beautiful Creatures (Caster Chronicles, #1)",Kami Garcia,9780316042673,6304335,read,read,true,2,563,2009,2011/01/01,"Little, Brown and Company"
Frankenstein: The 1818 Text,Mary Wollstonecraft Shelley,9780143131847,35031085,read,read,true,2,260,2018,2012/01/01,Penguin Classics
"Wild Cards (Wild Cards, #1)",Simone Elkeles,9780802734372,13065327,read,read,true,4,352,2013,2014/01/01,Walker Books for Young Readers
"Chain Reaction (Perfect Chemistry, #3)",Simone Elkeles,9780802720870,8662836,read,read,true,4,310,2011,2014/01/01,Bloomsbury USA Childrens
"Rules of Attraction (Perfect Chemistry, #2)",Simone Elkeles,9780802720856,7137775,read,read,true,4,336,2010,2014/01/14,Walker Books
"Perfect Chemistry (Perfect Chemistry, #1)",Simone Elkeles,9780802798237,4268157,read,read,true,4,368,2008,2013/01/01,Walker Childrens
Twilight: The Complete Illustrated Movie Companion,Mark Cotta Vaz,9780316043137,3609760,read,read,true,5,144,2008,2008/01/01,"Little, Brown Books for Young Readers"
"The Lightning Thief (Percy Jackson and the Olympians, #1)",Rick Riordan,9780786838653,28187,read,read,true,5,377,2006,2010/01/01,Disney Hyperion Books
The Fountainhead,Ayn Rand,,2122,read,read,true,3,704,1996,2015/01/01,Signet Book
"The Titan’s Curse (Percy Jackson and the Olympians, #3)",Rick Riordan,,561456,read,read,true,4,352,2007,2010/01/01,Puffin Books
Great Expectations,Charles Dickens,9780192833594,2623,read,read,true,1,544,1998,2012/01/01,Oxford University Press
Thirteen Reasons Why,Jay Asher,9781595147882,29844228,read,read,true,5,352,2016,2015/01/01,Razorbill
Anna Karenina,Leo Tolstoy,9780345803924,15823480,read,read,true,2,964,2012,2013/01/01,Vintage
"Ashfall (Ashfall, #1)",Mike Mullin,9781933718552,9644151,read,read,true,3,476,2011,2014/01/01,Tanglewood Press
"Ender’s Game (Ender's Saga, #1)",Orson Scott Card,9780812550702,375802,read,read,true,3,324,2004,2014/01/01,Tor
"Harry Potter and the Prisoner of Azkaban (Harry Potter, #3)",J.K. Rowling,9780439655484,5,read,read,true,4,547,2004,2017/01/01,Scholastic Inc.
"The Battle of the Labyrinth (Percy Jackson and the Olympians, #4)",Rick Riordan,9781423101468,2120932,read,read,true,4,361,2008,2010/01/01,Hyperion Books for Children
"City of Bones (The Mortal Instruments, #1)",Cassandra Clare,9781416914280,256683,read,read,true,2,485,2007,2011/01/01,Margaret K. McElderry Books
The Perks of Being a Wallflower,Stephen Chbosky,,22628,read,read,true,5,213,1999,2010/01/01,MTV Books/Pocket Books
"The Adventures of Huckleberry Finn (Adventures of Tom and Huck, #2)",Mark Twain,9780142437179,2956,read,read,true,3,327,2002,2011/01/01,Penguin Classics
The Phantom Tollbooth,Norton Juster,9780394820378,378,read,read,true,5,256,1996,2009/01/01,Random House Bullseye Books
"Holes (Holes, #1)",Louis Sachar,9780439244190,38709,read,read,true,3,272,2000,2010/01/01,Scholastic
"Vampire Academy (Vampire Academy, #1)",Richelle Mead,9781595141743,345627,read,read,true,5,332,2007,2010/01/01,G.P. Putnam's Sons Books for Young Readers
In the Company of Men: A Woman at the Citadel,Nancy R. Mace,9780689840036,299763,read,read,true,4,238,2002,2018/01/01,Simon and Schuster
Night,Elie Wiesel,9780374500016,1617,read,read,true,4,120,2006,2023/01/01,Hill & Wang
"The Hard Questions: 100 Essential Questions to Ask Before You Say ""I Do""",Susan Piver,9780593418871,57155112,read,read,true,4,128,2021,2021/01/01,Tarcher
Elvis and Me: The True Story of the Love Between Priscilla Presley and the King of Rock N' Roll,Priscilla Beaulieu Presley,9780593639566,63376550,read,read,true,4,288,2023,2023/01/01,Berkley
The Old Man and the Sea,Ernest Hemingway,9780684830490,2165,read,read,true,3,96,1996,2016/01/01,Scribner
"The Sea of Monsters (Percy Jackson and the Olympians, #2)",Rick Riordan,9780120000319,40727118,read,read,true,4,279,,2010/01/01,Disney-Hyperion
Because of Winn-Dixie,Kate DiCamillo,9780763616052,357664,read,read,true,3,182,2001,2010/01/01,Candlewick Press
Where the Red Fern Grows,Wilson Rawls,9780375806810,10365,read,read,true,4,272,2000,2007/01/01,Yearling
The Handmaid's Tale,Margaret Atwood,9781328879943,34454589,read,read,true,3,320,2017,2023/01/01,Houghton Mifflin Harcourt
Fahrenheit 451,Ray Bradbury,,13079982,read,read,true,3,249,2011,2012/01/01,Simon & Schuster
The Book Thief,Markus Zusak,,19063,read,read,true,3,592,2006,2013/01/01,Alfred A. Knopf
Romeo and Juliet,William Shakespeare,,59926998,read,read,true,3,301,2011,2011/01/01,Simon & Schuster Paperbacks
"The Giver (Giver, #1)",Lois Lowry,9780385732550,3636,read,read,true,4,208,2006,2016/01/01,Ember
"Fifty Shades of Grey (Fifty Shades, #1)",E.L. James,9781612130293,10818853,read,read,true,4,356,2011,2016/01/01,Vintage
"Mockingjay (The Hunger Games, #3)",Suzanne Collins,9780439023511,7260188,read,read,true,4,390,2010,2014/01/01,Scholastic Press
"Catching Fire (The Hunger Games, #2)",Suzanne Collins,9780439023498,6148028,read,read,true,4,391,2009,2014/01/01,Scholastic Press
The Kite Runner,Khaled Hosseini,,17165596,read,read,true,3,371,2013,2012/01/01,Riverhead Books
"The Hunger Games (The Hunger Games, #1)",Suzanne Collins,9780439023481,2767052,read,read,true,4,374,2008,2014/01/01,Scholastic Press
"Harry Potter and the Philosopher's Stone (Harry Potter, #1)",J.K. Rowling,,42844155,read,read,true,4,333,2015,2017/01/01,Pottermore Publishing
The Diary of a Young Girl,Anne Frank,,127441416,read,read,true,3,256,1994,2023/01/01,Bantam Books
"Fallen Too Far (Rosemary Beach, #1; Too Far, #1)",Abbi Glines,,16070903,read,read,true,5,241,2012,2025/01/14,Abbi Glines
We Were the Lucky Ones,Georgia Hunter,9780399563089,30267929,read,read,true,4,403,2017,2024/08/01,Viking
From Here to the Great Unknown,Lisa Marie Presley,9780593733875,204905217,read,read,true,5,304,2024,2024/12/13,Random House
Columbine,Dave Cullen,9780446546928,7114996,read,read,true,3,476,2010,2024/01/01,Twelve
Speak,Laurie Halse Anderson,9780374311254,39280444,read,read,true,5,224,2019,2024/04/01,"Farrar, Straus and Giroux (BYR)"
"The Ballad of Songbirds and Snakes (The Hunger Games, #0)",Suzanne Collins,,51901147,read,read,true,4,541,2020,2024/02/01,Scholastic Press
"It Ends with Us (It Ends with Us, #1)",Colleen Hoover,,62627512,read,read,true,5,373,2023,2024/08/01,Atria Books
"Zane & Lucky's First Christmas (Forever Love, #3.5)",J.S. Cooper,9781940218076,19503857,read,read,true,3,142,2013,,J. S. Cooper
World War Z: An Oral History of the Zombie War,Max Brooks,9780307346605,8908,to-read,unread,true,,342,2006,,Crown
The Rise and Fall of the Third Reich: A History of Nazi Germany,William L. Shirer,9780671728687,767171,to-read,unread,true,,1147,1990,,Simon & Schuster
"The Perfect Marriage (Perfect, #1)",Jeneva Rose,9781913419653,53450790,to-read,unread,true,,337,2020,,Bloodhound Books
Never Never,Colleen Hoover,9781335004888,63120226,read,read,true,5,416,2023,,Canary Street Press
"Maybe Now (Maybe, #2)",Colleen Hoover,,42657538,read,read,true,5,414,2018,,Wattpad
Too Late,Colleen Hoover,9781538756614,127555313,read,read,true,5,357,2023,,Grand Central Publishing
"Twisted Perfection Signed Limited Edition by Glines, Abbi (2013) Hardcover",Abbi Glines,,136967218,read,read,true,5,0,,,Atria Books
"My Vincent Boys (The Vincent Boys, #3)",Abbi Glines,,18366305,read,read,true,5,,,,
As She Fades,Abbi Glines,9781250133861,34499238,read,read,true,3,272,2018,,Feiwel & Friends
"One More Chance: A Rosemary Beach Novel (The Rosemary Beach Series) by Glines, Abbi (September 2, 2014) Paperback",Abbi Glines,,137343540,read,read,true,5,,2014,,SIMON & SCHUSTER
"Going Too Far (Rosemary Beach, #14)",Abbi Glines,,25102105,read,read,true,5,240,2022,,
Hold on Tight (Sea Breeze 8) by Abbi Glines (2014-10-23),Abbi Glines,,139204176,read,read,true,5,0,,,Simon & Schuster Ltd; edition (2014-10-23)
"When You're Back (Rosemary Beach, #11)",Abbi Glines,9781476776125,23452649,read,read,true,5,274,2015,,Simon and Schuster
Where the Sidewalk Ends,Shel Silverstein,9780060513030,30119,read,read,true,2,176,2002,,Harpercollins Childrens Books
"The Cat in the Hat (Cat in the Hat, #1)",Dr. Seuss,9780394800011,233093,read,read,true,5,61,1985,,Random House Books for Young Readers
A Christmas Carol,Charles Dickens,9781561797462,5326,read,read,true,4,184,1999,,Bethany House Publishers
"Harry Potter and the Half-Blood Prince (Harry Potter, #6)",J.K. Rowling,,1,to-read,unread,true,,652,2006,,Scholastic Inc
"Harry Potter and the Deathly Hallows (Harry Potter, #7)",J.K. Rowling,,136251,to-read,unread,true,,759,2007,,Arthur A. Levine Books
"The Lord of the Rings (The Lord of the Rings, #1-3)",J.R.R. Tolkien,9780618640157,33,to-read,unread,true,,1216,2005,,Houghton Mifflin Harcourt
Goodnight Moon,Margaret Wise Brown,9780060775858,32929,read,read,true,3,32,2005,,HarperCollins
The Lorax,Dr. Seuss,9780679889106,7784,read,read,true,5,72,1998,,Random House Childrens Books
How the Grinch Stole Christmas!,Dr. Seuss,9780007173044,113946,read,read,true,5,64,2004,,Harper Collins Children's Books
"The Lion, the Witch and the Wardrobe (Chronicles of Narnia, #1)",C.S. Lewis,,100915,read,read,true,4,206,2005,,HarperCollins Publishers
"Charlie and the Chocolate Factory (Charlie Bucket, #1)",Roald Dahl,9780142403884,6310,read,read,true,4,176,2005,,Puffin Books
The Very Hungry Caterpillar,Eric Carle,9780241003008,4948,read,read,true,5,26,1994,,Puffin Books
Green Eggs and Ham,Dr. Seuss,9780394800165,23772,read,read,true,5,64,1988,,Random House Books for Young Readers
Where the Wild Things Are,Maurice Sendak,9780099408390,19543,read,read,true,4,38,2000,,Red Fox
The Secret Garden,Frances Hodgson Burnett,9780517189603,2998,read,read,true,3,331,1998,,Children's Classics
Charlotte’s Web,E.B. White,9780064410939,24178,read,read,true,4,184,2001,,HarperCollinsPublishers
The Giving Tree,Shel Silverstein,9780060256654,370493,read,read,true,4,64,1964,,HarperCollins Publishers
"The Chronicles of Narnia (The Chronicles of Narnia, #1-7)",C.S. Lewis,9780066238500,11127,read,read,true,4,767,2014,,HarperCollins
J.R.R. Tolkien 4-Book Boxed Set: The Hobbit and The Lord of the Rings,J.R.R. Tolkien,9780345538376,30,to-read,unread,true,,1728,2012,,Ballantine Books
Bridge to Terabithia,Katherine Paterson,,40940121,read,read,true,4,190,2009,,HarperCollins
The Adventures of Tom Sawyer,Mark Twain,9780143039563,24583,read,read,true,3,244,2006,,Penguin Classics
Wuthering Heights,Emily Brontë,9780141439556,32929156,to-read,unread,true,,359,2016,,Penguin Classics
The Woman in Me,Britney Spears,9781668009048,63133205,to-read,unread,true,,288,2023,,Gallery Books
You Are a Badass: How to Stop Doubting Your Greatness and Start Living an Awesome Life,Jen Sincero,9780762447695,15843166,to-read,unread,true,,254,2013,,Running Press Adult
The World Is Flat: A Brief History of the Twenty-first Century,Thomas L. Friedman,9780374292799,1911,to-read,unread,true,,593,2006,,"Farrar, Straus and Giroux (NY)"
Women's Letters: America from the Revolutionary War to the Present,Lisa Grunwald,9780385335539,151373,to-read,unread,true,,832,2005,,The Dial Press
The Widow of the South,Robert Hicks,9780446697439,71622,to-read,unread,true,,436,2006,,Grand Central Publishing
Whistling Past the Graveyard,Susan Crandall,9781476707723,16058610,to-read,unread,true,,307,2013,,Gallery Books
When Everything Changed: The Amazing Journey of American Women from 1960 to the Present,Gail Collins,9780316059541,6192234,to-read,unread,true,,480,2009,,"Little, Brown and Company"
What If?: Serious Scientific Answers to Absurd Hypothetical Questions,Randall Munroe,9780544272996,21413662,to-read,unread,true,,303,2014,,Dey Street Books
"We May Dominate the World: Ambition, Anxiety, and the Rise of the American Colossus",Sean Mirski,9781541758438,62315872,to-read,unread,true,,512,2023,,PublicAffairs
Thirty Seconds Over Tokyo,Ted W. Lawson,9780965509879,539968,to-read,unread,true,,304,2002,,"Random House, Inc."
"The Taking of Jemima Boone: Colonial Settlers, Tribal Nations, and the Kidnap That Shaped America – A True Story of Rescue and Revenge in Revolutionary 1776",Matthew Pearl,9780062937780,56554585,to-read,unread,true,,288,2021,,Harper
Stories of Scottsboro,James  Goodman,9780679761594,431924,to-read,unread,true,,496,1995,,Schocken
"Steel My Soldiers' Hearts: The Hopeless to Hardcore Transformation of U.S. Army, 4th Battalion, 39th Infantry, Vietnam",David H. Hackworth,9780743246132,310826,to-read,unread,true,,464,2003,,Touchstone
Spare,Prince Harry,9780593593806,62296528,to-read,unread,true,,410,2023,,Random House
South of Broad,Pat Conroy,9780385413053,6135237,to-read,unread,true,,514,2009,,Nan A. Talese
The Sky Is Everywhere,Jandy Nelson,9780803734951,6604794,to-read,unread,true,,288,2010,,Dial Books
Sisters Under the Rising Sun,Heather   Morris,9781250320551,83667937,to-read,unread,true,,400,2023,,St. Martin's Press
The Second Mrs. Astor,Shana Abe,9781496732040,56161317,to-read,unread,true,,323,2021,,Kensington
"Scarlett: The Sequel to Margaret Mitchell's "" Gone with the Wind "" : Pt. 2 (Charnwood Library)",Alexandra Ripley,9780708986820,1356941,to-read,unread,true,,0,1992,,Charnwood (Large Print)
The Passing of Armies: An Account of the Final Campaign of the Army of the Potomac,Joshua Lawrence Chamberlain,9780553299922,895606,to-read,unread,true,,368,1992,,Bantam
"The Other Boleyn Girl (The Plantagenet and Tudor Novels, #9)",Philippa Gregory,,37470,to-read,unread,true,,661,2003,,Washington Square Press
Operation Paperclip: The Secret Intelligence Program that Brought Nazi Scientists to America,Annie Jacobsen,9780316221047,17333289,to-read,unread,true,,575,2014,,"Little, Brown and Company"
October Sky (Coalwood #1),Homer Hickam,9780440235507,124862,to-read,unread,true,,428,1999,,Dell
No More Silence,David Whelan,9780007388905,9318460,to-read,unread,true,,304,2010,,HarperElement
"Natural Causes: An Epidemic of Wellness, the Certainty of Dying, and Killing Ourselves to Live Longer",Barbara Ehrenreich,9781478961260,35959785,to-read,unread,true,,,2018,,Twelve
My Story,Elizabeth   Smart,9781250040152,17287028,to-read,unread,true,,308,2013,,St. Martin's Press
Murder of a Medici Princess,Caroline P. Murphy,9780195314397,2477243,to-read,unread,true,,416,2008,,Oxford University Press
"My Life with Bob: Flawed Heroine Keeps Book of Books, Plot Ensues",Pamela Paul,9781627796316,31848296,to-read,unread,true,,242,2017,,Henry Holt and Co.
"The Midnight Library (The Midnight World, #1)",Matt Haig,9780525559474,52578297,to-read,unread,true,,288,2020,,Viking
Midnight in the Garden of Good and Evil,John Berendt,9780679751526,386187,to-read,unread,true,,386,1999,,Vintage
The Metal Heart,Caroline Lea,9780063075498,54798516,to-read,unread,true,,400,2021,,Harper Perennial
"Masters of Sex: The Life and Times of William Masters and Virginia Johnson, the Couple Who Taught America How to Love",Thomas Maier,9781597772518,6320234,to-read,unread,true,,411,2009,,Phoenix Audio
The Lords of Discipline,Pat Conroy,9780553271362,85443,to-read,unread,true,,512,1986,,Bantam
"Little Women (Little Women, #1)",Louisa May Alcott,,1934,to-read,unread,true,,449,2004,,Signet Classics
A Little Life,Hanya Yanagihara,9780385539258,22822858,to-read,unread,true,,720,2015,,Doubleday
"The Last of the Mohicans (The Leatherstocking Tales, #2)",James Fenimore Cooper,9780553213294,38296,to-read,unread,true,,410,1981,,Bantam
The Invisible Wall: A Love Story That Broke Barriers,Harry Bernstein,9780345495808,428223,to-read,unread,true,,297,2007,,Ballantine Books
I Could Never Be So Lucky Again,James H. Doolittle,9780887407376,1169778,to-read,unread,true,,640,1997,,Schiffer Military History
"Howl's Moving Castle (Howl's Moving Castle, #1)",Diana Wynne Jones,9780064410342,6294,to-read,unread,true,,329,2001,,Harper Trophy
A History of the World in 100 Objects,Neil MacGregor,9781846144134,9553383,to-read,unread,true,,707,2010,,Allen Lane
"Hidden Warships: Finding World War II's Abandoned, Sunk, and Preserved Warships",Nicholas A. Veronico,9780760347560,23341693,to-read,unread,true,,256,2015,,Zenith Press
The Grapes of Wrath,John Steinbeck,9780670016907,18114322,to-read,unread,true,,536,2014,,Viking
Girl with the Pearl Earring,Tracy Chevalier,9780786540167,6997364,to-read,unread,true,,240,2004,,Plume Books
The Female Brain,Louann Brizendine,9780767920094,23968,to-read,unread,true,,304,2006,,Morgan Road Books
Fallout: The Hiroshima Cover-up and the Reporter Who Revealed It to the World,Lesley M.M. Blume,9781982128517,52764193,to-read,unread,true,,288,2020,,Simon  Schuster
Vanderbilt: The Rise and Fall of an American Dynasty,Anderson Cooper,9780062964618,56382342,to-read,unread,true,,317,2021,,Harper
Everything I Know About Love,Dolly Alderton,9780062968784,46041465,to-read,unread,true,,368,2020,,Harper
The Escape Artist: The Man Who Broke Out of Auschwitz to Warn the World,Jonathan Freedland,9780063112339,60194141,to-read,unread,true,,416,2022,,Harper
Elvis and Ginger: Elvis Presley's Fiancée and Last Love Finally Tells Her Story,Ginger Alden,9780425266335,18693653,to-read,unread,true,,400,2014,,Berkley
"Easy Company Soldier: The Legendary Battles of a Sergeant from World War II's ""Band of Brothers""",Don Malarkey,9780312378493,2298975,to-read,unread,true,,288,2008,,St. Martin's Press
Dunkirk: The History Behind the Major Motion Picture,Joshua Levine,9780008227883,34304263,to-read,unread,true,,376,2017,,William Collins
"Dune (Dune, #1)",Frank Herbert,9780593099322,44767458,to-read,unread,true,,658,2019,,Ace
Daisy Jones & The Six,Taylor Jenkins Reid,9781524798628,40597810,to-read,unread,true,,368,2019,,Ballantine Books
Crime and Punishment,Fyodor Dostoevsky,,7144,to-read,unread,true,,671,2002,,Penguin
The Choice: Embrace the Possible,Edith Eger,9781501130786,30753738,to-read,unread,true,,289,2017,,Scribner
Cain's Jawbone,E. Powys Mathers,9781783527410,50074593,to-read,unread,true,,100,2019,,Unbound
"Brothers In Battle, Best of Friends",William Guarnere,9780425217283,1056050,to-read,unread,true,,320,2007,,Berkley Hardcover
Blood Brothers: The Story of the Strange Friendship between Sitting Bull and Buffalo Bill,Deanne Stillman,9781476773520,34467014,to-read,unread,true,,304,2017,,Simon & Schuster
Beyond the Wand: The Magic & Mayhem of Growing Up a Wizard,Tom Felton,9781538741368,61062194,to-read,unread,true,,288,2022,,Grand Central Publishing
Beyond the Point,Claire  Gibson,9780062853738,37959896,to-read,unread,true,,528,2019,,William Morrow Paperbacks
"Band of Brothers: E Company, 506th Regiment, 101st Airborne from Normandy to Hitler's Eagle's Nest",Stephen E. Ambrose,9780743464116,42389,to-read,unread,true,,432,2002,,Simon & Schuster; Media Tie-In edition
The Astronaut Wives Club,Lily Koppel,9781455503254,16131193,to-read,unread,true,,272,2013,,Grand Central Publishing
"Angela's Ashes (Frank McCourt, #1)",Frank McCourt,9780007205233,252577,to-read,unread,true,,452,2005,,Harper Perennial
American Sniper: The Autobiography of the Most Lethal Sniper in U.S. Military History,Chris Kyle,9780062107060,11887020,to-read,unread,true,,502,2012,,HarperCollins
102 Minutes: The Untold Story of the Fight to Survive Inside the Twin Towers,Jim  Dwyer,9780805080322,177187,to-read,unread,true,,384,2006,,Times Books
"Hatchet (Brian's Saga, #1)",Gary Paulsen,9780689840920,50,read,read,true,5,208,2000,,Atheneum Books for Young Readers: Richard Jackson Books
Verity,Colleen Hoover,,59344312,read,read,true,5,336,2021,,Grand Central Publishing
"The Prologue (The Things We Can't Change, #1)",Kassandra Kush,,18892776,read,read,true,3,114,2013,,KushBooks
"Twisted Perfection (Rosemary Beach, #5)",Abbi Glines,9781476756509,17936300,read,read,true,5,247,2013,,Atria Books
"The Last Boyfriend (Forever Love, #1)",J.S. Cooper,9781940218007,17909477,read,read,true,4,214,2013,,"Amazon Digital Services, Inc."
"The Struggle (The Things We Can't Change, #2)",Kassandra Kush,,18892775,read,read,true,3,114,2013,,KushBooks
"The Healing (The Things We Can't Change, #3)",Kassandra Kush,,18892774,read,read,true,3,262,2014,,KushBooks
"Before Lucky (Forever Love, #2.5)",J.S. Cooper,9781940218038,17972023,read,read,true,3,188,2013,,J. S. Cooper
"Misbehaving (Sea Breeze, #6)",Abbi Glines,9781481406734,18072601,read,read,true,5,316,2014,,Simon Pulse
"The Other Side of Love (Forever Love, #3)",J.S. Cooper,9781940218045,18893353,read,read,true,3,308,2013,,J. S. Cooper
"Finding Cinderella (Hopeless, #2.5)",Colleen Hoover,,61782599,read,read,true,5,176,2022,,Atria Books
"Simple Perfection (Rosemary Beach, #6)",Abbi Glines,9781476756523,18051070,read,read,true,5,243,2013,,Atria
"The Ex Games (The Ex Games, #1)",J.S. Cooper,9781940218083,20320531,read,read,true,3,66,2013,,J. S. Cooper
"The Ex Games 2 (The Ex Games, #2)",J.S. Cooper,9781940218090,20404687,read,read,true,4,62,2013,,J. S. Cooper
"The Ex Games 3 (The Ex Games, #3)",J.S. Cooper,9781940218113,20494506,read,read,true,4,77,2014,,J. S. Cooper
"Three Days (Private Club, #1)",J.S. Cooper,9781940218120,20744949,read,read,true,4,67,2014,,J. S. Cooper
"Take a Chance (Rosemary Beach, #7; Chance, #1)",Abbi Glines,9781476756547,18143908,read,read,true,5,289,2014,,Atria
"One Day (Private Club, #3)",J.S. Cooper,9781940218144,20889558,read,read,true,4,94,2014,,
"Maybe Someday (Maybe, #1)",Colleen Hoover,,61782649,read,read,true,5,377,2022,,Atria Books
The Things We Can't Change Part Four: The Love Story (The Things We Can't Change #4),Kassandra Kush,,22175129,read,read,true,4,162,2014,,KushBooks
Feel Again,Caleigh Shaw,9781497467415,28943273,read,read,true,4,392,2014,,CreateSpace Independent Publishing Platform
"Rush Too Far (Rosemary Beach, #4)",Abbi Glines,9781476775944,18812575,read,read,true,5,256,2014,,Atria Books
Indelible Lovin' - Max & Jane's Story Vol. 2 (Indelible Love #2.5),D.W. Cee,,18924441,read,read,true,3,443,2013,,D.W. Cee
"Breakable (Contours of the Heart, #2)",Tammara Webber,9780425266861,17936925,read,read,true,5,361,2014,,Penguin Berkley
"The Love Trials 1 (The Love Trials, #1)",J.S. Cooper,9781940218267,22390128,read,read,true,4,101,2014,,J. S. Cooper
The Things We Can't Change Part Five: The Epilogue (The Things We Can't Change #5),Kassandra Kush,,22462014,read,read,true,4,148,2014,,KushBooks
Unlikely Attraction - Delaney's Story (Indelible Love #3),D.W. Cee,,19223640,read,read,true,3,688,2013,,D.W. Cee
"The Love Trials 2 (The Love Trials, #2)",J.S. Cooper,9781940218274,22462644,read,read,true,4,122,2014,,
"The Love Trials 3 (The Love Trials, #3)",J.S. Cooper,9781940218298,22555703,read,read,true,4,200,2014,,
"Guarding His Heart (Forever Love, #4)",J.S. Cooper,9781940218205,21955484,read,read,true,4,275,2014,,
One More Chance (Rosemary Beach #8),Abbi Glines,9781476756578,18775353,read,read,true,5,272,2014,,Atria
"The Resolution of Callie & Kayden (The Coincidence, #2)",Jessica Sorensen,,18166143,read,read,true,5,300,2014,,
"Kiro's Emily (Rosemary Beach, #9.5)",Abbi Glines,9781476792309,23166627,read,read,true,5,108,2014,,Atria Books
"You Were Mine (Rosemary Beach, #9)",Abbi Glines,9781476776071,21411887,read,read,true,5,256,2014,,Atria Books
"Time After Time (Time Between Us, #2)",Tamara Ireland Stone,9781423159810,20706641,read,read,true,5,351,2014,,LBYR Plus
"Beautiful Oblivion (The Maddox Brothers, #1)",Jamie McGuire,9781476759586,20759554,read,read,true,5,320,2014,,Atria Books
Confess,Colleen Hoover,9781476791456,22609310,read,read,true,5,306,2015,,Atria Books
"When I'm Gone (Rosemary Beach, #10)",Abbi Glines,9781476776095,22609598,read,read,true,5,273,2015,,Simon and Schuster
"Never Never: Part Two (Never Never, #2)",Colleen Hoover,9781508953760,25352247,read,read,true,4,156,2015,,CreateSpace Independent Publishing Platform
Tess of the D'Urbervilles,Thomas Hardy,9780486415895,143499,to-read,unread,true,,321,2001,,Dover Publications
"Bad for You (Sea Breeze, #7)",Abbi Glines,9781481420747,23309596,read,read,true,5,320,2015,,Simon & Schuster Books for Young Readers
Unyielding Love - Nick & Bee's Story Vol. 1 (Indelible Love #4),D.W. Cee,,21854688,read,read,true,3,297,2014,,Chickygirl Publishing
Near Perfect Attraction - Donovan's Story (Indelible Love #3.5),D.W. Cee,,20769296,read,read,true,3,591,2014,,Chickygirl Publishing
Hold On Tight (Sea Breeze),Abbi Glines,9781481420815,23309624,read,read,true,5,288,2015,,Simon & Schuster Books for Young Readers
"Until Friday Night (The Field Party, #1)",Abbi Glines,9781481438858,24885704,read,read,true,3,336,2015,,Simon & Schuster Books for Young Readers
"Beautiful Redemption (The Maddox Brothers, #2)",Jamie McGuire,9781502541857,22717015,read,read,true,5,260,2015,,Jamie McGuire
"Something Beautiful (The Maddox Brothers, #4.5)",Jamie McGuire,9781512284041,25611413,read,read,true,5,104,2015,,CreateSpace Independent Publishing
Until the End (Sea Breeze),Abbi Glines,9781481436205,24944887,read,read,true,4,400,2015,,Simon & Schuster Books for Young Readers
"Lie for Me (Find Me, #0.5)",Romily Bernard,9780062342485,19367312,read,read,true,3,100,2014,,HarperTeen
November 9,Colleen Hoover,9781501110344,25111004,read,read,true,5,310,2015,,Atria Books
"Maybe Not (Maybe, #1.5)",Colleen Hoover,,25409732,read,read,true,5,120,2015,,Atria Books
"Under the Lights (The Field Party, #2)",Abbi Glines,9781481438896,27206467,read,read,true,3,336,2016,,Simon & Schuster Books for Young Readers
"The Best Goodbye (Rosemary Beach, #12)",Abbi Glines,9781501115318,25110992,read,read,true,5,256,2015,,Atria
"Never Never (Never Never, #1)",Colleen Hoover,9781506107158,24509473,read,read,true,4,150,2015,,CreateSpace
"Never Never: Part Three (Never Never, #3)",Colleen Hoover,,25454883,read,read,true,4,130,2016,,
"Up in Flames (Rosemary Beach, #13)",Abbi Glines,9781501115394,25814224,read,read,true,5,248,2016,,Atria Books
"Thoughtful (A Thoughtless Novel, 4)",S.C. Stephens,9781455588824,22675992,read,read,true,4,560,2015,,Forever
Beautiful Boss (Beautiful Bastard #4.5),Christina Lauren,9781501146220,28504984,read,read,true,3,118,2016,,Gallery Books
Max & Jane's Wedding (Indelible Love #9),D.W. Cee,,23320801,read,read,true,3,203,2014,,Chickygirl Publishing
"A Beautiful Funeral (The Maddox Brothers, #5)",Jamie McGuire,9781534623576,30645566,read,read,true,5,238,2016,,CreateSpace Independent Publishing Platform
"Beautiful Burn (The Maddox Brothers, #4)",Jamie McGuire,9781512284133,25611416,read,read,true,5,304,2016,,CreateSpace Independent Publishing
"The Complete Hearts Series (Hearts, #1-3)",Claire Contreras,,31455719,read,read,true,3,787,2016,,Claire Contreras
Once She Dreamed: Part Two,Abbi Glines,,33298526,read,read,true,3,112,2016,,Abbi Glines Publishing
Like A Memory (Sea Breeze Meets Rosemary Beach),Abbi Glines,9780988301351,34273346,read,read,true,5,222,2017,,Abbi Glines
"After the Game (The Field Party, #3)",Abbi Glines,9781481438933,32333318,read,read,true,3,352,2017,,Simon & Schuster Books for Young Readers
"Boys South of the Mason Dixon (South of the Mason Dixon, #1)",Abbi Glines,9780988301368,34459598,read,read,true,4,204,2017,,Abbi Glines Publishing
"Because of Lila (Sea Breeze Meets Rosemary Beach, #2)",Abbi Glines,,35651846,read,read,true,3,226,2017,,Abbi Glines Publishing
Without Merit,Colleen Hoover,9781501170621,33361210,read,read,true,5,359,2017,,Atria Books
"Darker (Fifty Shades as Told by Christian, #2)",E.L. James,9780385543910,32024902,read,read,true,5,546,2017,,Vintage Books
"Losing the Field (The Field Party, #4)",Abbi Glines,9781534403895,36373420,read,read,true,3,336,2018,,Simon & Schuster Books for Young Readers
Once She Dreamed,Abbi Glines,9781544985619,35226468,read,read,true,3,242,2017,,CreateSpace Independent Publishing Platform
"Brothers South of the Mason Dixon (South of the Mason Dixon, #2)",Abbi Glines,,38821490,read,read,true,4,198,2018,,Abbi Glines Publishing
"Sweet Little Bitch (Sweet, #4)",Abbi Glines,,40658703,read,read,true,3,172,2018,,Abbi Glines Publishing
All Your Perfects,Colleen Hoover,,169037699,to-read,unread,true,,318,,,Atria
"Crazy Rich Asians (Crazy Rich Asians, #1)",Kevin Kwan,9780345803788,18373213,to-read,unread,true,,527,2014,,Vintage
"Best I've Ever Had (Sea Breeze Meets Rosemary Beach, #3)",Abbi Glines,9780998057002,45133523,read,read,true,5,220,2019,,Abbi Glines Publishing
Ready Player One,Ernest Cline,9780804190145,35210502,to-read,unread,true,,608,2018,,Ballantine Books
Finding Freedom: Harry and Meghan and the Making of a Modern Royal Family,Omid Scobie,9780063046108,53357123,to-read,unread,true,,354,2020,,Dey Street Books
Layla,Colleen Hoover,9781542000178,52737423,to-read,unread,true,,290,2020,,Montlake
The House of Medici: Its Rise and Fall,Christopher Hibbert,9780688053390,144185,to-read,unread,true,,364,1999,,William Morrow
"Ready Player Two (Ready Player One, #2)",Ernest Cline,9781524761332,26082916,to-read,unread,true,,370,2020,,Ballantine Books
Diana: Her True Story—In Her Own Words,Andrew Morton,9781501169731,32920313,to-read,unread,true,,448,2017,,Simon & Schuster
The Wives,Tarryn Fisher,,43299266,to-read,unread,true,,352,2019,,Graydon House
"Freed (Fifty Shades as Told by Christian, #3)",E.L. James,9781728251035,57334704,read,read,true,5,768,2021,,Bloom Books
Glitter,Abbi Glines,,58326625,read,read,true,3,238,2021,,Abbi Glines Publishing
"Lady Catherine, the Earl, and the Real Downton Abbey",Fiona Carnarvon,9780385344968,17345207,to-read,unread,true,,400,2013,,Crown
Fall and Rise: The Story of 9/11,Mitchell Zuckoff,9780062275646,42654304,to-read,unread,true,,624,2019,,Harper
Lyrics of a Small Town,Abbi Glines,,58669268,read,read,true,3,208,2021,,Abbi Glines Books
About Tomorrow,Abbi Glines,,55154685,read,read,true,3,214,2020,,
The Good Boy's Guide to Being Good: Master Your Humans and Live Your Best Puppin’ Life,Brussels Sprout,9780711265943,58545371,read,read,true,4,128,2022,,White Lion Publishing
Heart Bones,Colleen Hoover,9798671981742,55125640,to-read,unread,true,,336,2020,,Independently published
Noodle and the No Bones Day (Noodle and Jonathan),Jonathan Graziano,9781665927109,60138100,read,read,true,5,32,2022,,Margaret K. McElderry Books
Lily's Promise: Holding On to Hope Through Auschwitz and Beyond―A Bestselling Memoir of Survival,Lily Ebert,9780063230293,59723789,read,read,true,5,320,2022,,HarperOne
"Taken at Birth: Stolen Babies, Hidden Lies, and My Journey to Finding Home",Jane Blasio,9780800739416,55782904,to-read,unread,true,,224,2021,,Revell
The Rabbi of Buchenwald,Rafael Medoff,9781602804265,57950133,to-read,unread,true,,501,2021,,Ktav Publishing House
Five Chimneys,Olga Lengyel,9789354991363,59417374,to-read,unread,true,,234,2021,,Digital Fire
Killers of the Flower Moon: The Osage Murders and the Birth of the FBI,David Grann,,201736852,to-read,unread,true,,347,2023,,Vintage
Uncle Tom's Cabin,Harriet Beecher Stowe,9789354992872,60106182,to-read,unread,true,,633,2021,,Digital Fire
Tatum Comes Home (The Dog Agency Novels),Tatum Talks,9781496739445,144757936,to-read,unread,true,,256,2023,,Kensington
Uncommon Type: Some Stories,Tom Hanks,9781101946169,34409015,to-read,unread,true,,415,2017,,Alfred A. Knopf
The Queen: Her Life,Andrew Morton,9781538700433,61918815,to-read,unread,true,,427,2022,,Grand Central Publishing
The Woman Who Lost Her Face (Enhanced Edition): How Charla Nash Survived the World's Most Infamous Chimpanzee Attack,NBC News,9781938069017,18661715,to-read,unread,true,,98,2012,,
"Adult Children of Emotionally Immature Parents: How to Heal from Distant, Rejecting, or Self-Involved Parents by Lindsay C. Gibson PsyD 1 edition (Textbook ONLY, Paperback)",Lindsay C. Gibson,,137770928,to-read,unread,true,,,1940,,
The Secret Lives of Introverts: Inside Our Hidden World,Jenn Granneman,,31213350,to-read,unread,true,,320,2017,,Skyhorse
Quiet: The Power of Introverts in a World That Can't Stop Talking,Susan Cain,9780307352156,13642916,to-read,unread,true,,352,2013,,Crown
The Glass Castle,Jeannette Walls,9780743247542,7445,to-read,unread,true,,288,2006,,Scribner
I Am Malala: The Story of the Girl Who Stood Up for Education and Was Shot by the Taliban,Malala Yousafzai,9780316322409,17851885,to-read,unread,true,,327,2013,,"Little, Brown and Company"
The Immortal Life of Henrietta Lacks,Rebecca Skloot,9781400052172,6493208,to-read,unread,true,,370,2010,,Crown Publishing Group
"The Hobbit, or There and Back Again",J.R.R. Tolkien,,5907,to-read,unread,true,,366,2002,,Houghton Mifflin
Pride and Prejudice,Jane Austen,,129915654,to-read,unread,true,,400,2023,,Peter Pauper Press
Ugly Love,Colleen Hoover,,17788401,read,read,true,5,330,2014,,Atria Books
"Never Too Far (Rosemary Beach, #2; Too Far, #2)",Abbi Glines,9781301627448,17029526,read,read,true,5,193,2013,,Smashwords
"The Coincidence of Callie & Kayden (The Coincidence, #1)",Jessica Sorensen,,16113791,read,read,true,4,283,2012,,
"Beautiful Bastard (Beautiful Bastard, #1)",Christina Lauren,9781476730103,16102004,read,read,true,4,271,2013,,Gallery Books
"Grey (Fifty Shades as Told by Christian, #1)",E.L. James,9781101946343,25644601,read,read,true,5,576,2015,,Vintage
"After Ever Happy (After, #4)",Anna Todd,9781501106408,23214408,read,read,true,3,512,2015,,Gallery Books
"A Beautiful Wedding (Beautiful, #2.5)",Jamie McGuire,9781476759548,18528454,read,read,true,4,146,2013,,Atria Books
"After We Fell (After, #3)",Anna Todd,9781476792507,22609080,read,read,true,3,837,2014,,Gallery Books
"After We Collided (After, #2)",Anna Todd,9781476792491,22540125,read,read,true,3,674,2014,,Gallery Books
"After (After, #1)",Anna Todd,9781476792484,22557520,read,read,true,4,582,2014,,Gallery Books
"Harry Potter and the Cursed Child: Parts One and Two (Harry Potter, #8)",J.K. Rowling,9780540027347,29056083,read,read,true,3,343,2016,,"Little, Brown"
The Silent Patient,Alex Michaelides,9781250301697,40097951,to-read,unread,true,,336,2019,,Celadon Books
"A Court of Thorns and Roses (A Court of Thorns and Roses, #1)",Sarah J. Maas,9781635575569,50659467,to-read,unread,true,,419,2020,,Bloomsbury Publishing
The Time Traveler's Wife,Audrey Niffenegger,9781939126016,18619684,to-read,unread,true,,537,2013,,Zola Books
Of Mice and Men,John Steinbeck,9780142000670,890,to-read,unread,true,,107,2002,,Penguin Books
The Help,Kathryn Stockett,9780399155345,4667024,to-read,unread,true,,451,2009,,G.P. Putnam's Sons
Where the Crawdads Sing,Delia Owens,9780735219113,36809135,to-read,unread,true,,384,2018,,G.P. Putnam’s Sons
Lord of the Flies,William Golding,9780140283334,7624,to-read,unread,true,,182,1999,,Penguin Books
To Kill a Mockingbird,Harper Lee,,56916837,to-read,unread,true,,323,2021,,Harper Perennial Modern Classics
